{"value_loss": 0.3216244071722031, "_timestamp": 1666738537.338059, "_runtime": 140.83152103424072, "policy_loss": -0.003031990044795663, "dist_entropy": 1.1815353274345397, "actor_grad_norm": 0.12191946804523468, "critic_grad_norm": 2.5488734245300293, "ratio": 1.000136375427246, "sm3_ratio_mean": 0.628207908163248, "drop_ratio_mean": 0.18160592019557953, "drop_ratio_std": 0.30946385860443115, "drop_ratio_min": 0.0, "drop_ratio_max": 1.0, "ue_drop_ratio_mean": 0.27823465873346315, "ue_drop_ratio_std": 0.4186750712952301, "ue_drop_ratio_min": 0.0, "ue_drop_ratio_max": 0.99999980000004, "delay_ratio_mean": 0.1815275400876999, "delay_ratio_std": 0.2885531187057495, "delay_ratio_min": 0.0, "delay_ratio_max": 1.0, "qos_reward_mean": -0.15177612548552355, "qos_reward_std": 0.2777056755046886, "qos_reward_min": -0.9999997500000625, "qos_reward_max": 0.0046999953067102165, "pc_kw_mean": 0.32238380736396427, "pc_kw_std": 0.075774221844965, "pc_kw_min": 0.18617015075683593, "pc_kw_max": 0.66198583984375, "reward_mean": -2.7508018151323412, "reward_std": 4.434167578169841, "reward_min": -16.502912161637095, "reward_max": -0.175344634037797, "_step": 30240, "_wandb": {"runtime": 153}}