{"value_loss": 0.17794640809297563, "_timestamp": 1666645872.6176364, "_runtime": 893.8931753635406, "policy_loss": -0.0015760796376135034, "dist_entropy": 1.035003137588501, "actor_grad_norm": 0.0612066276371479, "critic_grad_norm": 0.3141092360019684, "ratio": 1.0000338554382324, "sm3_ratio_mean": 0.2924971655328793, "drop_ratio_mean": 0.0225346852093935, "drop_ratio_std": 0.11830779910087585, "drop_ratio_min": 0.0, "drop_ratio_max": 1.0, "ue_drop_ratio_mean": 0.030253664267065657, "ue_drop_ratio_std": 0.1435041593296393, "ue_drop_ratio_min": 0.0, "ue_drop_ratio_max": 0.9999996666667778, "delay_ratio_mean": 0.19529247283935547, "delay_ratio_std": 0.21073786914348602, "delay_ratio_min": 0.0, "delay_ratio_max": 1.0, "qos_reward_mean": -0.010721830744717387, "qos_reward_std": 0.07930342630388598, "qos_reward_min": -0.9999990000010001, "qos_reward_max": 0.004799995204475144, "pc_kw_mean": 0.3979835102444603, "pc_kw_std": 0.08071307121414734, "pc_kw_min": 0.18717015075683593, "pc_kw_max": 0.6739664916992187, "reward_mean": -0.45159266396804726, "reward_std": 0.40329646554290566, "reward_min": -5.472310002446407, "reward_max": -0.18717015075683593, "_step": 201600, "_wandb": {"runtime": 890}}