{"value_loss": 0.001994342019315809, "_timestamp": 1663689512.312849, "_runtime": 4801.1199560165405, "policy_loss": -0.00029953608654942343, "dist_entropy": 0.8134673287471136, "actor_grad_norm": 0.015456334687769413, "critic_grad_norm": 0.23373447358608246, "ratio": 0.9999716281890869, "avg_pc": 335.9311218261719, "avg_drop": 0.0, "avg_delay": 0.017460317464259564, "average_step_reward": -0.3463902175426483, "average_episode_reward": -415.668261051178, "_step": 1360800, "_wandb": {"runtime": 4921}}