{"value_loss": 0.11737620147566001, "_timestamp": 1663582491.4779158, "_runtime": 1128.3209428787231, "policy_loss": -0.0006198445984182399, "dist_entropy": 1.3018585741519928, "actor_grad_norm": 0.05646416172385216, "critic_grad_norm": 1.1956677436828613, "ratio": 0.9999735951423645, "average_step_reward": -0.8031244874000549, "average_episode_reward": -963.7493848800659, "_step": 252000, "_wandb": {"runtime": 1184}}