{"value_loss": 0.25189161449670794, "_timestamp": 1666564105.7790458, "_runtime": 626.277569770813, "policy_loss": -0.004000764602945494, "dist_entropy": 1.0354559659957885, "actor_grad_norm": 0.1060308963060379, "critic_grad_norm": 0.6556606888771057, "ratio": 1.000197172164917, "sm3_ratio_mean": 0.4359183673469388, "drop_ratio_mean": 0.08205769956111908, "drop_ratio_std": 0.20467248558998108, "drop_ratio_min": 0.0, "drop_ratio_max": 1.0, "ue_drop_ratio_mean": 0.13074222175329162, "ue_drop_ratio_std": 0.29417312602630274, "ue_drop_ratio_min": 0.0, "ue_drop_ratio_max": 0.9999996666667778, "delay_ratio_mean": 0.22937001287937164, "delay_ratio_std": 0.274446040391922, "delay_ratio_min": 0.0, "delay_ratio_max": 1.0, "qos_reward_mean": -0.05354546903538954, "qos_reward_std": 0.1581994458166158, "qos_reward_min": -0.9999990000010001, "qos_reward_max": 0.004783328551743252, "pc_kw_mean": 0.39712507281227716, "pc_kw_std": 0.09566213619454872, "pc_kw_min": 0.1962301483154297, "pc_kw_max": 0.7400300903320313, "reward_mean": -0.4506705418476667, "reward_std": 0.1823535647929345, "reward_min": -1.4637484772424592, "reward_max": -0.1962301483154297, "_step": 100800, "_wandb": {"runtime": 626}}