{"value_loss": 0.19593517780303954, "_timestamp": 1666728316.4354076, "_runtime": 4229.678674697876, "policy_loss": -0.0010560761894373271, "dist_entropy": 0.9444465398788452, "actor_grad_norm": 0.06926611065864563, "critic_grad_norm": 0.09428931772708893, "ratio": 0.999963104724884, "sm3_ratio_mean": 0.25346513605442317, "drop_ratio_mean": 0.006848802790045738, "drop_ratio_std": 0.06981399655342102, "drop_ratio_min": 0.0, "drop_ratio_max": 1.0, "ue_drop_ratio_mean": 0.009387511625828043, "ue_drop_ratio_std": 0.0853370750061012, "ue_drop_ratio_min": 0.0, "ue_drop_ratio_max": 0.99999950000025, "delay_ratio_mean": 0.14070133864879608, "delay_ratio_std": 0.17121246457099915, "delay_ratio_min": 0.0, "delay_ratio_max": 1.0, "qos_reward_mean": -0.0023069378397442366, "qos_reward_std": 0.05016996854947886, "qos_reward_min": -0.9999990000010001, "qos_reward_max": 0.004833328491312498, "pc_kw_mean": 0.39474014805990554, "pc_kw_std": 0.060705338821586796, "pc_kw_min": 0.19567015075683594, "pc_kw_max": 0.6209039306640625, "reward_mean": -0.4108887129381152, "reward_std": 0.35658973156780194, "reward_min": -7.472929523444501, "reward_max": -0.19567015075683594, "_step": 806400, "_wandb": {"runtime": 4229}}