{"value_loss": 0.12660169526934623, "_timestamp": 1666547963.1773498, "_runtime": 1798.617610692978, "policy_loss": -0.0003206085781826573, "dist_entropy": 1.0965260028839112, "actor_grad_norm": 0.025640487670898438, "critic_grad_norm": 0.43129268288612366, "ratio": 1.0000373125076294, "sm3_ratio_mean": 0.4142015306122589, "drop_ratio_mean": 0.43496641516685486, "drop_ratio_std": 0.342156320810318, "drop_ratio_min": 0.0, "drop_ratio_max": 1.0, "ue_drop_ratio_mean": 0.6669837349918225, "ue_drop_ratio_std": 0.46390994752529724, "ue_drop_ratio_min": 0.0, "ue_drop_ratio_max": 0.9999998888889013, "delay_ratio_mean": 0.036482539027929306, "delay_ratio_std": 0.16855010390281677, "delay_ratio_min": 0.0, "delay_ratio_max": 1.0, "qos_reward_mean": -0.42745743917029533, "qos_reward_std": 0.3397366066401669, "qos_reward_min": -0.99999950000025, "qos_reward_max": 0.003466663172187994, "pc_kw_mean": 0.2476374106331477, "pc_kw_std": 0.06591141841177771, "pc_kw_min": 0.09983331298828126, "pc_kw_max": 0.6551661376953125, "reward_mean": -1.1025522889737382, "reward_std": 0.6808708191158876, "reward_min": -2.4385633076191877, "reward_max": -0.10274404907226563, "_step": 302400}