{"value_loss": 0.15507205575704575, "_timestamp": 1666553058.9769907, "_runtime": 6894.417251586914, "policy_loss": -0.00024535034156549786, "dist_entropy": 0.933894830942154, "actor_grad_norm": 0.016443828120827675, "critic_grad_norm": 0.425097793340683, "ratio": 0.999935507774353, "sm3_ratio_mean": 0.034004818594105264, "drop_ratio_mean": 0.26167982816696167, "drop_ratio_std": 0.25082480907440186, "drop_ratio_min": 0.0, "drop_ratio_max": 0.9838655591011047, "ue_drop_ratio_mean": 0.5798585097445009, "ue_drop_ratio_std": 0.4676621434234146, "ue_drop_ratio_min": 0.0, "ue_drop_ratio_max": 0.9999998750000157, "delay_ratio_mean": 0.13880981504917145, "delay_ratio_std": 0.30704277753829956, "delay_ratio_min": 0.0, "delay_ratio_max": 1.0, "qos_reward_mean": -0.24368947096747606, "qos_reward_std": 0.24121212719814203, "qos_reward_min": -0.9720225746731347, "qos_reward_max": 0.0035499964917267597, "pc_kw_mean": 0.38501796628134594, "pc_kw_std": 0.09286208383937745, "pc_kw_min": 0.15000624084472658, "pc_kw_max": 0.7292909545898437, "reward_mean": -0.872396908216298, "reward_std": 0.5198814732573074, "reward_min": -2.4477416666911336, "reward_max": -0.15000624084472658, "_step": 1260000, "_wandb": {"runtime": 6894}}