{"value_loss": 0.22876210063695906, "_timestamp": 1665152534.3121016, "_runtime": 3636.9105355739594, "policy_loss": -1.203342303810473e-05, "dist_entropy": 1.0741926193237306, "actor_grad_norm": 0.030520910397171974, "critic_grad_norm": 0.26806262135505676, "ratio": 0.9999710321426392, "sm3_ratio_mean": 0.17986139455781422, "drop_ratio_mean": 0.013804116248957232, "drop_ratio_std": 0.1053634503548492, "drop_ratio_min": 0.0, "drop_ratio_max": 0.99999950000025, "ue_drop_ratio_mean": 0.01747154589244113, "ue_drop_ratio_std": 0.12190322891814455, "ue_drop_ratio_min": 0.0, "ue_drop_ratio_max": 0.99999950000025, "delay_ratio_mean": 0.10450393662581912, "delay_ratio_std": 0.16897735204280365, "delay_ratio_min": 0.0, "delay_ratio_max": 0.9999990000010001, "qos_reward_mean": -0.009072285407344135, "qos_reward_std": 0.08476464222294953, "qos_reward_min": -0.99999950000025, "qos_reward_max": 0.00390666284901342, "pc_mean": 256.9175109863281, "pc_std": 46.26227569580078, "pc_min": 146.37118530273438, "pc_max": 724.8259887695312, "reward_mean": -0.279598211879857, "reward_std": 0.21529042793339404, "reward_min": -2.840955233156797, "reward_max": -0.14637118530273438, "_step": 932400, "_wandb": {"runtime": 3659}}