{"value_loss": 0.08811894282698632, "_timestamp": 1665112858.1158721, "_runtime": 7584.157479047775, "policy_loss": -0.000445735033936856, "dist_entropy": 1.0282484889030457, "actor_grad_norm": 0.03086155280470848, "critic_grad_norm": 0.24261875450611115, "ratio": 0.9999591708183289, "drop_ratio_mean": 0.006705608045144257, "drop_ratio_std": 0.07463519541199579, "drop_ratio_min": 0.0, "drop_ratio_max": 0.99999950000025, "ue_drop_ratio_mean": 0.006881301347852862, "ue_drop_ratio_std": 0.07318966943593994, "ue_drop_ratio_min": 0.0, "ue_drop_ratio_max": 0.99999950000025, "delay_ratio_mean": 0.11731539958118765, "delay_ratio_std": 0.1554849998827894, "delay_ratio_min": 0.0, "delay_ratio_max": 0.9999990000010001, "qos_reward_mean": -0.0033922354175390155, "qos_reward_std": 0.05283747416457133, "qos_reward_min": -0.99999950000025, "qos_reward_max": 0.00195333142450671, "pc_mean": 233.71124267578125, "pc_std": 50.870208740234375, "pc_min": 116.15242004394531, "pc_max": 759.4542846679688, "reward_mean": -0.2506724302181689, "reward_std": 0.2680431170551737, "reward_min": -5.308273442387813, "reward_max": -0.11615242004394531, "_step": 1713600}