{"value_loss": 0.7110311935345331, "_timestamp": 1663618226.3259594, "_runtime": 423.9139473438263, "policy_loss": -0.0014396597927076964, "dist_entropy": 1.1836372514565785, "actor_grad_norm": 0.09382901340723038, "critic_grad_norm": 5.676877498626709, "ratio": 0.9999416470527649, "pc": 529.040283203125, "drop_ratio": 0.8272181043401361, "delay": 0.04270709623893102, "average_step_reward": -1.982603669166565, "average_episode_reward": -2379.124402999878, "_step": 100800, "_wandb": {"runtime": 630}}