{"value_loss": 0.005311109436055024, "_timestamp": 1663653812.8356667, "_runtime": 6358.217676639557, "policy_loss": -0.00015490188512930678, "dist_entropy": 0.5352376997470856, "actor_grad_norm": 0.037233881652355194, "critic_grad_norm": 0.17156028747558594, "ratio": 0.9999691843986511, "avg_pc": 249.0149688720703, "avg_drop": 0.0, "avg_delay": 0.0019657143152185847, "average_step_reward": -0.25849542021751404, "average_episode_reward": -310.19450426101685, "_step": 2016000, "_wandb": {"runtime": 6358}}