{"value_loss": 0.09241582974791526, "_timestamp": 1665417998.5681171, "_runtime": 10234.92842721939, "policy_loss": -0.0005248721352337782, "dist_entropy": 1.0280870199203491, "actor_grad_norm": 0.027630260214209557, "critic_grad_norm": 0.07498989999294281, "ratio": 1.0000473260879517, "sm3_ratio_mean": 0.17818168934240033, "drop_ratio_mean": 0.00449892645701766, "drop_ratio_std": 0.053701773285865784, "drop_ratio_min": 0.0, "drop_ratio_max": 1.0, "ue_drop_ratio_mean": 0.005858524805684792, "ue_drop_ratio_std": 0.06140473939221888, "ue_drop_ratio_min": 0.0, "ue_drop_ratio_max": 0.9999990000010001, "delay_ratio_mean": 0.14268779754638672, "delay_ratio_std": 0.1581631898880005, "delay_ratio_min": 0.0, "delay_ratio_max": 1.0, "qos_reward_mean": -0.0002426934906653617, "qos_reward_std": 0.030872906857976647, "qos_reward_min": -0.9999990000010001, "qos_reward_max": 0.003933329396526999, "pc_kw_mean": 0.2246479506931608, "pc_kw_std": 0.04828791157975734, "pc_kw_min": 0.09980046844482422, "pc_kw_max": 0.6496488037109375, "reward_mean": -0.22586141814648758, "reward_std": 0.16123396479528487, "reward_min": -5.247171147465938, "reward_max": -0.09615547359944736, "_step": 1965600}