{"value_loss": 0.007041486259549856, "_timestamp": 1663237717.808976, "_runtime": 3884.691386938095, "policy_loss": -0.0004455119517103867, "dist_entropy": 1.0994634628295898, "actor_grad_norm": 0.03075602650642395, "critic_grad_norm": 0.12671181559562683, "ratio": 0.9999895095825195, "average_step_reward": -0.662557065486908, "average_episode_reward": -795.0684785842896, "_step": 806400}