{"value_loss": 0.013863104861229658, "_timestamp": 1665037732.7949383, "_runtime": 18370.586352348328, "policy_loss": -0.00023577022131497926, "dist_entropy": 0.8679585635662079, "actor_grad_norm": 0.03070693276822567, "critic_grad_norm": 0.2033284604549408, "ratio": 1.0000032186508179, "drop_ratio_mean": 0.0013340773652594786, "drop_ratio_std": 0.029481863918952873, "drop_ratio_min": 0.0, "drop_ratio_max": 0.9999990000010001, "ue_drop_ratio_mean": 0.002290672903225661, "ue_drop_ratio_std": 0.041287464842701835, "ue_drop_ratio_min": 0.0, "ue_drop_ratio_max": 0.99999950000025, "delay_ratio_mean": 0.13017944604403486, "delay_ratio_std": 0.14879308714585673, "delay_ratio_min": 0.0, "delay_ratio_max": 0.9999990000010001, "qos_reward_mean": 0.003687922992035154, "qos_reward_std": 0.018709886581983238, "qos_reward_min": -0.9999990000010001, "qos_reward_max": 0.009666656721854936, "pc_mean": 248.76637268066406, "pc_std": 49.094852447509766, "pc_min": 135.4014129638672, "pc_max": 960.0140380859375, "reward_mean": -0.21188713926925906, "reward_std": 0.19123891297502493, "reward_min": -10.274301431894767, "reward_max": -0.06826493279713994, "_step": 4032000, "_wandb": {"runtime": 18370}}