{"value_loss": 0.0239658422768116, "_timestamp": 1663940844.388587, "_runtime": 11160.267853021622, "policy_loss": -0.00030834118659974765, "dist_entropy": 0.8600270330905915, "actor_grad_norm": 0.02484344318509102, "critic_grad_norm": 0.23504117131233215, "ratio": 1.0000107288360596, "drop_mean": 0.07841697072773564, "drop_std": 1.7416524386866012, "drop_min": 0.0, "drop_max": 66.0, "delay_mean": 0.06044432667508636, "delay_std": 0.07026155521979172, "delay_min": 0.0, "delay_max": 0.6766666782399019, "pc_mean": 350.8533020019531, "pc_std": 82.71961212158203, "pc_min": 176.0561981201172, "pc_max": 1433.91943359375, "reward_mean": -0.3961062373251101, "reward_std": 0.8780228682075245, "reward_min": -33.50443032214377, "reward_max": -0.1760561981201172, "_step": 2721600}