{"value_loss": 0.03479670733213425, "_timestamp": 1663952490.1931937, "_runtime": 22806.072459697723, "policy_loss": -0.0005278818847961775, "dist_entropy": 0.883662748336792, "actor_grad_norm": 0.033686377108097076, "critic_grad_norm": 0.2061961144208908, "ratio": 1.0000221729278564, "drop_mean": 0.06118464540414419, "drop_std": 1.6039038268136807, "drop_min": 0.0, "drop_max": 66.0, "delay_mean": 0.06155306855927024, "delay_std": 0.0726348103228685, "delay_min": 0.0, "delay_max": 0.7670370572143131, "pc_mean": 333.1593322753906, "pc_std": 79.04784393310547, "pc_min": 139.53643798828125, "pc_max": 1452.069091796875, "reward_mean": -0.36990695272262114, "reward_std": 0.8090158956299626, "reward_min": -33.51302483512627, "reward_max": -0.13953643798828125, "_step": 6048000, "_wandb": {"runtime": 22805}}