{"value_loss": 0.033755346511801086, "_timestamp": 1663702885.3482726, "_runtime": 6444.995203495026, "policy_loss": -0.0004735545921725759, "dist_entropy": 0.8726944327354431, "actor_grad_norm": 0.06427012383937836, "critic_grad_norm": 0.16578823328018188, "ratio": 0.9999959468841553, "drop_mean": 0.03159024255943396, "drop_std": 1.0829536677235845, "drop_min": 0.0, "drop_max": 66.0, "delay_mean": 0.0278243409139367, "delay_std": 0.05007528588076259, "delay_min": 0.0, "delay_max": 0.6111111160781648, "pc_mean": 309.1427917480469, "pc_std": 54.60694885253906, "pc_min": 162.06581115722656, "pc_max": 905.4235229492188, "reward_mean": -0.33050280525949266, "reward_std": 0.5469192208570413, "reward_min": -33.41802982683977, "reward_max": -0.16206581115722657, "_step": 2016000, "_wandb": {"runtime": 6444}}