{"value_loss": 0.0126540906727314, "_timestamp": 1665071833.5789924, "_runtime": 16503.966537475586, "policy_loss": -0.0002473828003989098, "dist_entropy": 0.8595937669277192, "actor_grad_norm": 0.01965481787919998, "critic_grad_norm": 0.04319484159350395, "ratio": 0.9999785423278809, "drop_ratio_mean": 0.0010814756128030732, "drop_ratio_std": 0.024740985279311206, "drop_ratio_min": 0.0, "drop_ratio_max": 0.99999950000025, "ue_drop_ratio_mean": 0.0022108828531479984, "ue_drop_ratio_std": 0.03880276743854527, "ue_drop_ratio_min": 0.0, "ue_drop_ratio_max": 0.99999950000025, "delay_ratio_mean": 0.16819607650778892, "delay_ratio_std": 0.13668688278929608, "delay_ratio_min": 0.0, "delay_ratio_max": 0.9999990000010001, "qos_reward_mean": 0.005354692911925552, "qos_reward_std": 0.0159020830336065, "qos_reward_min": -0.99999950000025, "qos_reward_max": 0.00969999058611171, "pc_mean": 281.20306396484375, "pc_std": 58.17056655883789, "pc_min": 144.04954528808594, "pc_max": 894.5265502929688, "reward_mean": -0.2276561170454842, "reward_std": 0.16627936799581877, "reward_min": -10.304429544687736, "reward_max": -0.0737602818755366, "_step": 4032000, "_wandb": {"runtime": 16503}}