{"value_loss": 0.0010877849534153938, "_timestamp": 1662673128.3396077, "_runtime": 27795.92871069908, "policy_loss": -0.0001412749568918681, "dist_entropy": 0.7193009674549102, "actor_grad_norm": 0.04056259244680405, "critic_grad_norm": 0.00844257976859808, "ratio": 0.9999934434890747, "average_step_reward": -1.2823225259780884, "average_episode_reward": -1538.787031173706, "_step": 4636800, "_wandb": {"runtime": 27864}}