{"value_loss": 0.18062456846237182, "_timestamp": 1662646828.5743752, "_runtime": 1496.1634781360626, "policy_loss": -0.0005869131075819211, "dist_entropy": 1.4255726218223572, "actor_grad_norm": 0.039160165935754776, "critic_grad_norm": 1.8082071542739868, "ratio": 0.999950110912323, "average_step_reward": -6.844965934753418, "average_episode_reward": -8213.959121704102, "_step": 201600}