{"value_loss": 0.029441093901793162, "_timestamp": 1663580833.4777474, "_runtime": 4627.976690530777, "policy_loss": -0.0009762893197067987, "dist_entropy": 1.0865439176559448, "actor_grad_norm": 0.04114222526550293, "critic_grad_norm": 0.38164380192756653, "ratio": 0.9999496936798096, "average_step_reward": -0.19423823058605194, "average_episode_reward": -233.08587670326233, "_step": 1360800, "_wandb": {"runtime": 4630}}