{"value_loss": 0.05784967119495074, "_timestamp": 1663579272.0012684, "_runtime": 3066.5002114772797, "policy_loss": -0.0010997518680198938, "dist_entropy": 1.1467646916707357, "actor_grad_norm": 0.030617376789450645, "critic_grad_norm": 0.6562225222587585, "ratio": 0.9999963045120239, "average_step_reward": -0.23170462250709534, "average_episode_reward": -278.0455470085144, "_step": 907200}