{"value_loss": 0.07893536190191905, "_timestamp": 1663579098.358387, "_runtime": 2892.857330083847, "policy_loss": -0.0007527681367562877, "dist_entropy": 1.1476788918177288, "actor_grad_norm": 0.02310226298868656, "critic_grad_norm": 0.7028272151947021, "ratio": 0.9999712705612183, "average_step_reward": -0.2387593686580658, "average_episode_reward": -286.51124238967896, "_step": 856800}