{"value_loss": 0.03230943139642477, "_timestamp": 1663256611.6033406, "_runtime": 1485.6463565826416, "policy_loss": -0.0006347470724790583, "dist_entropy": 1.2779352068901062, "actor_grad_norm": 0.03074130415916443, "critic_grad_norm": 0.43250998854637146, "ratio": 0.9999969601631165, "average_step_reward": -0.49255165457725525, "average_episode_reward": -591.0619854927063, "_step": 302400}