{"value_loss": 0.04916370250284672, "_timestamp": 1663268902.2497065, "_runtime": 13776.292722463608, "policy_loss": -0.0001774587098758218, "dist_entropy": 1.0080664515495301, "actor_grad_norm": 0.05971379950642586, "critic_grad_norm": 0.07278059422969818, "ratio": 1.0000145435333252, "average_step_reward": -0.3735528290271759, "average_episode_reward": -448.2633948326111, "_step": 2973600}