{"value_loss": 0.047628074139356616, "_timestamp": 1663270233.9585004, "_runtime": 15108.001516342163, "policy_loss": -0.000446495045646067, "dist_entropy": 0.9996394097805024, "actor_grad_norm": 0.03244023770093918, "critic_grad_norm": 0.06126236915588379, "ratio": 1.000044822692871, "average_step_reward": -0.362942636013031, "average_episode_reward": -435.5311632156372, "_step": 3326400, "_wandb": {"runtime": 15162}}