{"value_loss": 0.012311219517141581, "_timestamp": 1663250032.5463836, "_runtime": 2197.0452835559845, "policy_loss": -0.0005980206396332566, "dist_entropy": 1.2067960262298585, "actor_grad_norm": 0.047945644706487656, "critic_grad_norm": 0.07860074937343597, "ratio": 1.000009298324585, "average_step_reward": -0.4669210612773895, "average_episode_reward": -560.3052735328674, "_step": 554400, "_wandb": {"runtime": 2233}}