{"value_loss": 0.5022179991006851, "_timestamp": 1666738631.4457023, "_runtime": 52.271886348724365, "policy_loss": -0.0038669340320097944, "dist_entropy": 1.1911087512969971, "actor_grad_norm": 0.1442221999168396, "critic_grad_norm": 1.8040968179702759, "ratio": 1.0000240802764893, "sm3_ratio_mean": 0.6993764172335438, "drop_ratio_mean": 0.3420123755931854, "drop_ratio_std": 0.3742016851902008, "drop_ratio_min": 0.0, "drop_ratio_max": 1.0, "ue_drop_ratio_mean": 0.4565496311864111, "ue_drop_ratio_std": 0.4558914712062714, "ue_drop_ratio_min": 0.0, "ue_drop_ratio_max": 0.9999998571428775, "delay_ratio_mean": 0.1844313144683838, "delay_ratio_std": 0.2882254719734192, "delay_ratio_min": 0.0, "delay_ratio_max": 1.0, "qos_reward_mean": -0.2843261269352536, "qos_reward_std": 0.34111138294418714, "qos_reward_min": -0.9999997500000625, "qos_reward_max": 0.004799995204475144, "pc_kw_mean": 0.2966806097454495, "pc_kw_std": 0.07205241882663999, "pc_kw_min": 0.18667015075683593, "pc_kw_max": 0.6745493774414063, "reward_mean": -4.845898640709507, "reward_std": 5.441446608359502, "reward_min": -16.496196829605843, "reward_max": -0.16107195206708602, "_step": 10080, "_wandb": {"runtime": 77}}