{"value_loss": 0.2826831817626953, "_timestamp": 1666764727.1835003, "_runtime": 5329.782374382019, "policy_loss": -0.00038612186136788296, "dist_entropy": 1.015633773803711, "actor_grad_norm": 0.024848174303770065, "critic_grad_norm": 0.07107438147068024, "ratio": 0.9998884201049805, "sm3_ratio_mean": 0.22571605725623659, "drop_ratio_mean": 0.020497776567935944, "drop_ratio_std": 0.10804751515388489, "drop_ratio_min": 0.0, "drop_ratio_max": 1.0, "ue_drop_ratio_mean": 0.028922748047458077, "ue_drop_ratio_std": 0.1352346098177638, "ue_drop_ratio_min": 0.0, "ue_drop_ratio_max": 0.99999950000025, "delay_ratio_mean": 0.2329103946685791, "delay_ratio_std": 0.20009136199951172, "delay_ratio_min": 0.0, "delay_ratio_max": 1.0, "qos_reward_mean": -0.007851138859993818, "qos_reward_std": 0.06397060714395071, "qos_reward_min": -0.9999990000010001, "qos_reward_max": 0.004799995204475144, "pc_kw_mean": 0.4267104948119512, "pc_kw_std": 0.07130036532458835, "pc_kw_min": 0.19817015075683594, "pc_kw_max": 0.69749951171875, "reward_mean": -0.45811505025192645, "reward_std": 0.26559183385998414, "reward_min": -4.474354093265719, "reward_max": -0.19817015075683594, "_step": 1008000, "_wandb": {"runtime": 5329}}