{"value_loss": 0.006194839525657396, "_timestamp": 1663732546.5264156, "_runtime": 11987.185166597366, "policy_loss": 1.942907418424807e-05, "dist_entropy": 0.9062425146500269, "actor_grad_norm": 0.050592321902513504, "critic_grad_norm": 0.04454827308654785, "ratio": 0.999972403049469, "drop_mean": 0.10262197042071161, "drop_std": 1.6481816731023007, "drop_min": 0.0, "drop_max": 66.0, "delay_mean": 0.09528566023063431, "delay_std": 0.08533473452312622, "delay_min": 0.0, "delay_max": 0.779259279370308, "pc_mean": 425.27838134765625, "pc_std": 72.80327606201172, "pc_min": 199.25474548339844, "pc_max": 1136.2587890625, "reward_mean": -0.4861179233546548, "reward_std": 0.8316277125355118, "reward_min": -33.423987630705035, "reward_max": -0.19925474548339844, "_step": 3024000, "_wandb": {"runtime": 11987}}