{"value_loss": 0.09598318263888359, "_timestamp": 1666807105.492991, "_runtime": 8424.802847862244, "policy_loss": -0.0011411457592554798, "dist_entropy": 1.0273528218269348, "actor_grad_norm": 0.044098030775785446, "critic_grad_norm": 0.2076648771762848, "ratio": 0.9999745488166809, "sm3_ratio_mean": 0.4460062358276842, "drop_ratio_mean": 0.007338377181440592, "drop_ratio_std": 0.07041575014591217, "drop_ratio_min": 0.0, "drop_ratio_max": 1.0, "ue_drop_ratio_mean": 0.012812300803174932, "ue_drop_ratio_std": 0.10093846776645189, "ue_drop_ratio_min": 0.0, "ue_drop_ratio_max": 0.99999950000025, "delay_ratio_mean": 0.15449129045009613, "delay_ratio_std": 0.199247345328331, "delay_ratio_min": 0.0, "delay_ratio_max": 1.0, "qos_reward_mean": -0.0034574598771249256, "qos_reward_std": 0.05597227535545277, "qos_reward_min": -0.9999990000010001, "qos_reward_max": 0.004849995153357609, "pc_kw_mean": 0.3373632159823463, "pc_kw_std": 0.07089215718065549, "pc_kw_min": 0.18567015075683593, "pc_kw_max": 0.6911666870117188, "reward_mean": -0.36502289499934576, "reward_std": 0.4539670559998322, "reward_min": -8.441386958504093, "reward_max": -0.18567015075683593, "_step": 1512000, "_wandb": {"runtime": 8424}}