{"value_loss": 0.2603266477584839, "_timestamp": 1666741116.9880416, "_runtime": 225.640442609787, "policy_loss": -0.0013534715951404764, "dist_entropy": 1.1543285727500916, "actor_grad_norm": 0.06113772839307785, "critic_grad_norm": 0.6497968435287476, "ratio": 1.0000931024551392, "sm3_ratio_mean": 0.5294479875283284, "drop_ratio_mean": 0.10259851068258286, "drop_ratio_std": 0.24831518530845642, "drop_ratio_min": 0.0, "drop_ratio_max": 1.0, "ue_drop_ratio_mean": 0.1366140642008848, "ue_drop_ratio_std": 0.30511295417465095, "ue_drop_ratio_min": 0.0, "ue_drop_ratio_max": 0.9999998333333611, "delay_ratio_mean": 0.21440936625003815, "delay_ratio_std": 0.25636357069015503, "delay_ratio_min": 0.0, "delay_ratio_max": 1.0, "qos_reward_mean": -0.06897027796946238, "qos_reward_std": 0.1933113300603075, "qos_reward_min": -0.99999950000025, "qos_reward_max": 0.004816661857207038, "pc_kw_mean": 0.37466934508974586, "pc_kw_std": 0.08507624955127001, "pc_kw_min": 0.18767015075683594, "pc_kw_max": 0.7039602050781251, "reward_mean": -0.926431568845445, "reward_std": 1.5417515362193397, "reward_min": -8.523837275886907, "reward_max": -0.18767015075683594, "_step": 50400}