{"value_loss": 0.09694335237145424, "_timestamp": 1665148715.8425002, "_runtime": 10596.176748275757, "policy_loss": -0.0004744944437007348, "dist_entropy": 1.0266642451286316, "actor_grad_norm": 0.04647701606154442, "critic_grad_norm": 0.3830680251121521, "ratio": 1.0000079870224, "drop_ratio_mean": 0.007448872794831453, "drop_ratio_std": 0.07614514281222247, "drop_ratio_min": 0.0, "drop_ratio_max": 0.99999950000025, "ue_drop_ratio_mean": 0.007854286965089732, "ue_drop_ratio_std": 0.07536373935434791, "ue_drop_ratio_min": 0.0, "ue_drop_ratio_max": 0.99999950000025, "delay_ratio_mean": 0.1390737176938618, "delay_ratio_std": 0.15877191445433292, "delay_ratio_min": 0.0, "delay_ratio_max": 0.9999990000010001, "qos_reward_mean": -0.0032254960370729233, "qos_reward_std": 0.04927111537455944, "qos_reward_min": -0.99999950000025, "qos_reward_max": 0.00195333142450671, "pc_mean": 257.05322265625, "pc_std": 49.2408561706543, "pc_min": 122.95990753173828, "pc_max": 780.2408447265625, "reward_mean": -0.2731807297632351, "reward_std": 0.25066177013840285, "reward_min": -5.342315007329219, "reward_max": -0.12295990753173829, "_step": 2268000, "_wandb": {"runtime": 10599}}