{"value_loss": 0.0011297384626232088, "_timestamp": 1662942995.8593333, "_runtime": 47688.78936624527, "policy_loss": -0.0002753180056458859, "dist_entropy": 0.5362116694450378, "actor_grad_norm": 0.035036373883485794, "critic_grad_norm": 0.01942851021885872, "ratio": 1.0000239610671997, "average_step_reward": -1.0352792739868164, "average_episode_reward": -1242.3351287841797, "_step": 7560000, "_wandb": {"runtime": 47688}}