{"value_loss": 0.0015565394540317356, "_timestamp": 1662921535.314632, "_runtime": 26228.244664907455, "policy_loss": -0.00038131200514126553, "dist_entropy": 0.7351181387901307, "actor_grad_norm": 0.02642427757382393, "critic_grad_norm": 0.015331575646996498, "ratio": 1.0000090599060059, "average_step_reward": -1.0793020725250244, "average_episode_reward": -1295.1624870300293, "_step": 4284000}