{"value_loss": 0.18214893192052842, "_timestamp": 1666563467.6917915, "_runtime": 553.2639675140381, "policy_loss": -0.0018215108539980651, "dist_entropy": 0.943240511417389, "actor_grad_norm": 0.13511796295642853, "critic_grad_norm": 0.743736982345581, "ratio": 0.9999023675918579, "sm3_ratio_mean": 0.10051870748299321, "drop_ratio_mean": 0.014244776219129562, "drop_ratio_std": 0.08261828869581223, "drop_ratio_min": 0.0, "drop_ratio_max": 1.0, "ue_drop_ratio_mean": 0.022007734637799866, "ue_drop_ratio_std": 0.1152822216503901, "ue_drop_ratio_min": 0.0, "ue_drop_ratio_max": 0.99999950000025, "delay_ratio_mean": 0.19888606667518616, "delay_ratio_std": 0.1992098093032837, "delay_ratio_min": 0.0, "delay_ratio_max": 0.9599999785423279, "qos_reward_mean": -0.004639143763546916, "qos_reward_std": 0.04486572120286508, "qos_reward_min": -0.7413573600105905, "qos_reward_max": 0.004783328551743252, "pc_kw_mean": 0.49392937347169913, "pc_kw_std": 0.0626865650609367, "pc_kw_min": 0.29717681884765623, "pc_kw_max": 0.6767106323242188, "reward_mean": -0.5078468047623399, "reward_std": 0.14932858738537025, "reward_min": -2.7082437414087246, "reward_max": -0.29717681884765623, "_step": 100800, "_wandb": {"runtime": 553}}