{"value_loss": 0.7727834641933441, "_timestamp": 1663181581.5720284, "_runtime": 332.9355614185333, "policy_loss": -0.0027947447301983177, "dist_entropy": 1.362299871444702, "actor_grad_norm": 0.19952966272830963, "critic_grad_norm": 1.5535919666290283, "ratio": 0.9999834299087524, "average_step_reward": -2.3602914810180664, "average_episode_reward": -2832.3497772216797, "_step": 50400}