{"value_loss": 0.6346045633157095, "_timestamp": 1663695166.5658562, "_runtime": 322.99035024642944, "policy_loss": -0.0016117868921365168, "dist_entropy": 1.1905720730622609, "actor_grad_norm": 0.11405961960554123, "critic_grad_norm": 2.695368528366089, "ratio": 0.9999616742134094, "drop_mean": 2.4714651109150476, "drop_std": 8.130940758634178, "drop_min": 0.0, "drop_max": 100.0, "delay_mean": 0.0997031221623291, "delay_std": 0.1570140311967226, "delay_min": 0.0, "delay_max": 1.000000031458007, "pc_mean": 324.43096923828125, "pc_std": 102.20921325683594, "pc_min": 137.86068725585938, "pc_max": 1155.712646484375, "reward_mean": -0.8386646132897351, "reward_std": 1.6444585091309074, "reward_min": -20.41910355243418, "reward_max": -0.13786068725585937, "_step": 50400, "_wandb": {"runtime": 340}}