{"value_loss": 0.08790590018033981, "_timestamp": 1666759386.4836214, "_runtime": 4122.464298248291, "policy_loss": -0.0008392852373520831, "dist_entropy": 1.027711808681488, "actor_grad_norm": 0.03981364518404007, "critic_grad_norm": 0.1536267101764679, "ratio": 0.9999831318855286, "sm3_ratio_mean": 0.16237528344671437, "drop_ratio_mean": 0.012821512296795845, "drop_ratio_std": 0.08158866316080093, "drop_ratio_min": 0.0, "drop_ratio_max": 1.0, "ue_drop_ratio_mean": 0.020874401077587763, "ue_drop_ratio_std": 0.11354437910583308, "ue_drop_ratio_min": 0.0, "ue_drop_ratio_max": 0.99999950000025, "delay_ratio_mean": 0.2391943484544754, "delay_ratio_std": 0.1971907764673233, "delay_ratio_min": 0.0, "delay_ratio_max": 1.0, "qos_reward_mean": -0.0035798089641583355, "qos_reward_std": 0.045635607984466274, "qos_reward_min": -0.9999990000010001, "qos_reward_max": 0.004816661857207038, "pc_kw_mean": 0.43126139294003685, "pc_kw_std": 0.06306448658401738, "pc_kw_min": 0.20991189575195313, "pc_kw_max": 0.7004925537109375, "reward_mean": -0.45989986465330357, "reward_std": 0.3722652233375466, "reward_min": -8.488272517586125, "reward_max": -0.20991189575195313, "_step": 1008000, "_wandb": {"runtime": 4122}}