{"value_loss": 0.08365044742822647, "_timestamp": 1663335100.1107848, "_runtime": 10215.017519712448, "policy_loss": -0.0008714071307648415, "dist_entropy": 1.1331036965052286, "actor_grad_norm": 0.03561674430966377, "critic_grad_norm": 0.18149182200431824, "ratio": 0.9999474287033081, "average_step_reward": -0.27406933903694153, "average_episode_reward": -328.88320684432983, "_step": 3024000, "_wandb": {"runtime": 10214}}