{"value_loss": 0.011954451259225608, "_timestamp": 1663254742.5541198, "_runtime": 1597.4857308864594, "policy_loss": -0.0007427063648762555, "dist_entropy": 1.2474138975143432, "actor_grad_norm": 0.03691311553120613, "critic_grad_norm": 0.13619056344032288, "ratio": 1.0000255107879639, "average_step_reward": -0.4191422760486603, "average_episode_reward": -502.97073125839233, "_step": 453600, "_wandb": {"runtime": 1721}}