{"value_loss": 0.13429944813251496, "_timestamp": 1665165995.2199621, "_runtime": 1034.9386792182922, "policy_loss": -0.0009124710657083312, "dist_entropy": 1.0295572757720948, "actor_grad_norm": 0.09438380599021912, "critic_grad_norm": 0.879317581653595, "ratio": 0.9999758005142212, "sm3_ratio_mean": 0.24292460317459502, "drop_ratio_mean": 0.023204590368666882, "drop_ratio_std": 0.1439097381957041, "drop_ratio_min": 0.0, "drop_ratio_max": 0.99999950000025, "ue_drop_ratio_mean": 0.019414431291629022, "ue_drop_ratio_std": 0.12183036072771902, "ue_drop_ratio_min": 0.0, "ue_drop_ratio_max": 0.99999950000025, "delay_ratio_mean": 0.1072420059710582, "delay_ratio_std": 0.15638852082092278, "delay_ratio_min": 0.0, "delay_ratio_max": 0.9999990000010001, "qos_reward_mean": -0.013008356303160683, "qos_reward_std": 0.10487788047571378, "qos_reward_min": -0.9999990000010001, "qos_reward_max": 0.004916661829477697, "pc_mean": 225.4530487060547, "pc_std": 46.09317398071289, "pc_min": 121.65227508544922, "pc_max": 707.4549560546875, "reward_mean": -0.27748646784152137, "reward_std": 0.41981779522763646, "reward_min": -4.284807553959078, "reward_max": -0.12165227508544922, "_step": 277200, "_wandb": {"runtime": 1087}}