{"value_loss": 1.1637717247009278, "_timestamp": 1666032144.7152932, "_runtime": 102.8629162311554, "policy_loss": -0.002604547916860156, "dist_entropy": 1.191583800315857, "actor_grad_norm": 0.1073656901717186, "critic_grad_norm": 4.850894451141357, "ratio": 1.0000478029251099, "sm3_ratio_mean": 0.6959866780045596, "drop_ratio_mean": 0.2653619647026062, "drop_ratio_std": 0.37504658102989197, "drop_ratio_min": 0.0, "drop_ratio_max": 1.0, "ue_drop_ratio_mean": 0.3122012373302835, "ue_drop_ratio_std": 0.4238765536143365, "ue_drop_ratio_min": 0.0, "ue_drop_ratio_max": 0.9999998571428775, "delay_ratio_mean": 0.17622706294059753, "delay_ratio_std": 0.2648029625415802, "delay_ratio_min": 0.0, "delay_ratio_max": 1.0, "qos_reward_mean": -0.20622774262883545, "qos_reward_std": 0.3257605892010586, "qos_reward_min": -0.99999980000004, "qos_reward_max": 0.003919998041789118, "pc_kw_mean": 0.23485972840657307, "pc_kw_std": 0.06273036197167405, "pc_kw_min": 0.11219792175292968, "pc_kw_max": 0.6742274780273437, "reward_mean": -0.2761052769323402, "reward_std": 0.08025082534530152, "reward_min": -0.6734594787946278, "reward_max": -0.11219792175292968, "_step": 25200, "_wandb": {"runtime": 123}}