{"value_loss": 0.0009005662112031132, "_timestamp": 1662709159.6611712, "_runtime": 30124.789523124695, "policy_loss": -0.00031185309132570894, "dist_entropy": 0.6307950675487518, "actor_grad_norm": 0.059553176164627075, "critic_grad_norm": 0.004362943582236767, "ratio": 0.9999683499336243, "average_step_reward": -1.1526873111724854, "average_episode_reward": -1383.2247734069824, "_step": 5040000, "_wandb": {"runtime": 30124}}