{"value_loss": 0.0023374364051657417, "_timestamp": 1663589060.8969076, "_runtime": 6305.8662786483765, "policy_loss": -0.00014382152092196065, "dist_entropy": 0.45840412626663846, "actor_grad_norm": 0.015139657072722912, "critic_grad_norm": 0.3235141932964325, "ratio": 0.9999989867210388, "average_step_reward": -0.3211120069026947, "average_episode_reward": -385.33440828323364, "_step": 1512000, "_wandb": {"runtime": 6305}}