{"value_loss": 0.09758448228240013, "_timestamp": 1665128288.5970047, "_runtime": 10874.992267608643, "policy_loss": -0.0006294374042767004, "dist_entropy": 1.0206743121147155, "actor_grad_norm": 0.036343879997730255, "critic_grad_norm": 0.2202318161725998, "ratio": 0.9999644160270691, "drop_ratio_mean": 0.004297331587373064, "drop_ratio_std": 0.05915423258968737, "drop_ratio_min": 0.0, "drop_ratio_max": 0.9999990000010001, "ue_drop_ratio_mean": 0.004386310813931631, "ue_drop_ratio_std": 0.05855890028442734, "ue_drop_ratio_min": 0.0, "ue_drop_ratio_max": 0.99999950000025, "delay_ratio_mean": 0.11084676804545891, "delay_ratio_std": 0.14820011446167128, "delay_ratio_min": 0.0, "delay_ratio_max": 0.9999990000010001, "qos_reward_mean": -0.0018580099154981804, "qos_reward_std": 0.04324853824856482, "qos_reward_min": -0.9999990000010001, "qos_reward_max": 0.0019599980781488946, "pc_mean": 242.8261260986328, "pc_std": 53.772918701171875, "pc_min": 119.37870025634766, "pc_max": 760.0990600585938, "reward_mean": -0.25211618758797005, "reward_std": 0.22190542360288495, "reward_min": -5.285795048833125, "reward_max": -0.11937870025634766, "_step": 2520000, "_wandb": {"runtime": 10874}}