{"value_loss": 0.09126581251621246, "_timestamp": 1665120326.8549447, "_runtime": 2913.2502076625824, "policy_loss": -0.00024214046494606123, "dist_entropy": 1.044204592704773, "actor_grad_norm": 0.029070327058434486, "critic_grad_norm": 0.7701272368431091, "ratio": 1.0000178813934326, "drop_ratio_mean": 0.007399011061033786, "drop_ratio_std": 0.07802276567667066, "drop_ratio_min": 0.0, "drop_ratio_max": 0.99999950000025, "ue_drop_ratio_mean": 0.008779612952849465, "ue_drop_ratio_std": 0.08522090189879827, "ue_drop_ratio_min": 0.0, "ue_drop_ratio_max": 0.99999950000025, "delay_ratio_mean": 0.0865889070737591, "delay_ratio_std": 0.14102879445815214, "delay_ratio_min": 0.0, "delay_ratio_max": 0.9999990000010001, "qos_reward_mean": -0.00460462913171612, "qos_reward_std": 0.0614388301792293, "qos_reward_min": -0.99999950000025, "qos_reward_max": 0.00195333142450671, "pc_mean": 262.5213623046875, "pc_std": 45.297725677490234, "pc_min": 134.92181396484375, "pc_max": 828.0913696289062, "reward_mean": -0.28554450132690584, "reward_std": 0.3093807791534743, "reward_min": -5.355421544194454, "reward_max": -0.13492181396484376, "_step": 806400}