{"value_loss": 0.07727977409958839, "_timestamp": 1666652127.3718584, "_runtime": 2811.2925844192505, "policy_loss": -0.000917109275347272, "dist_entropy": 0.9398033201694489, "actor_grad_norm": 0.04155977815389633, "critic_grad_norm": 0.17526566982269287, "ratio": 1.0000386238098145, "sm3_ratio_mean": 0.2575942460317458, "drop_ratio_mean": 0.00503331795334816, "drop_ratio_std": 0.05222504585981369, "drop_ratio_min": 0.0, "drop_ratio_max": 1.0, "ue_drop_ratio_mean": 0.008672401000998198, "ue_drop_ratio_std": 0.07407068935404314, "ue_drop_ratio_min": 0.0, "ue_drop_ratio_max": 0.99999950000025, "delay_ratio_mean": 0.1853228658437729, "delay_ratio_std": 0.1666201651096344, "delay_ratio_min": 0.0, "delay_ratio_max": 1.0, "qos_reward_mean": 0.00016627848874934146, "qos_reward_std": 0.0310782277877477, "qos_reward_min": -0.9999990000010001, "qos_reward_max": 0.004833328491312498, "pc_kw_mean": 0.43150244676347765, "pc_kw_std": 0.07844894694950337, "pc_kw_min": 0.19467015075683594, "pc_kw_max": 0.7316233520507812, "reward_mean": -0.43000594036473355, "reward_std": 0.2905055294679924, "reward_min": -9.482058810067594, "reward_max": -0.19467015075683594, "_step": 504000, "_wandb": {"runtime": 2811}}