{"value_loss": 0.01936518761018912, "_timestamp": 1663314984.6210663, "_runtime": 8407.120615243912, "policy_loss": -0.0008550201051889417, "dist_entropy": 1.0771866162618002, "actor_grad_norm": 0.029245398938655853, "critic_grad_norm": 0.12739402055740356, "ratio": 0.9999715089797974, "average_step_reward": -0.43802937865257263, "average_episode_reward": -525.6352543830872, "_step": 1864800}