{"value_loss": 0.03348521540562312, "_timestamp": 1663309252.177623, "_runtime": 2674.677171945572, "policy_loss": -0.000674605652374775, "dist_entropy": 1.2130550543467205, "actor_grad_norm": 0.02855401113629341, "critic_grad_norm": 0.2743123471736908, "ratio": 1.000012755393982, "average_step_reward": -0.5363137722015381, "average_episode_reward": -643.5765266418457, "_step": 504000}