{"value_loss": 0.022419235731164614, "_timestamp": 1663312791.193132, "_runtime": 6213.692680835724, "policy_loss": -0.0005653249342534157, "dist_entropy": 1.1304903268814086, "actor_grad_norm": 0.024943118914961815, "critic_grad_norm": 0.12692122161388397, "ratio": 0.9999855160713196, "average_step_reward": -0.4627020061016083, "average_episode_reward": -555.2424073219299, "_step": 1310400}