{"value_loss": 0.015555718541145324, "_timestamp": 1663315753.1284828, "_runtime": 9175.628031730652, "policy_loss": -0.0008451709411700629, "dist_entropy": 1.053679076830546, "actor_grad_norm": 0.040911443531513214, "critic_grad_norm": 0.08707728236913681, "ratio": 1.0000436305999756, "average_step_reward": -0.44031259417533875, "average_episode_reward": -528.3751130104065, "_step": 2066400, "_wandb": {"runtime": 9194}}