{"value_loss": 0.12528365179896356, "_timestamp": 1666558431.9161654, "_runtime": 1717.5500383377075, "policy_loss": -0.0008086531498072702, "dist_entropy": 0.9872760057449341, "actor_grad_norm": 0.04980456084012985, "critic_grad_norm": 1.237684965133667, "ratio": 1.0000402927398682, "sm3_ratio_mean": 0.19924121315192037, "drop_ratio_mean": 0.022826772183179855, "drop_ratio_std": 0.11719544231891632, "drop_ratio_min": 0.0, "drop_ratio_max": 1.0, "ue_drop_ratio_mean": 0.038773212104366024, "ue_drop_ratio_std": 0.1738833335208344, "ue_drop_ratio_min": 0.0, "ue_drop_ratio_max": 0.9999996666667778, "delay_ratio_mean": 0.19488860666751862, "delay_ratio_std": 0.22631530463695526, "delay_ratio_min": 0.0, "delay_ratio_max": 1.0, "qos_reward_mean": -0.01432969279236678, "qos_reward_std": 0.09008211170436514, "qos_reward_min": -0.9999990000010001, "qos_reward_max": 0.004733328593547571, "pc_kw_mean": 0.25297138354740445, "pc_kw_std": 0.058512276519454946, "pc_kw_min": 0.11193484497070312, "pc_kw_max": 0.6570869140625, "reward_mean": -0.32461984750923834, "reward_std": 0.451107630667647, "reward_min": -5.283360356450313, "reward_max": -0.11235176086425781, "_step": 403200}