{"value_loss": 0.06581396609544754, "_timestamp": 1666558970.1536696, "_runtime": 2255.7875425815582, "policy_loss": -0.000713315874111231, "dist_entropy": 0.9890386164188385, "actor_grad_norm": 0.05481262132525444, "critic_grad_norm": 0.45761990547180176, "ratio": 0.9998998641967773, "sm3_ratio_mean": 0.10942658730158271, "drop_ratio_mean": 0.011037377640604973, "drop_ratio_std": 0.07940936088562012, "drop_ratio_min": 0.0, "drop_ratio_max": 1.0, "ue_drop_ratio_mean": 0.020463702876046156, "ue_drop_ratio_std": 0.12641691181508274, "ue_drop_ratio_min": 0.0, "ue_drop_ratio_max": 0.99999950000025, "delay_ratio_mean": 0.18779687583446503, "delay_ratio_std": 0.20680707693099976, "delay_ratio_min": 0.0, "delay_ratio_max": 1.0, "qos_reward_mean": -0.0056602605322676495, "qos_reward_std": 0.06054782643163255, "qos_reward_min": -0.9999990000010001, "qos_reward_max": 0.004733328593547571, "pc_kw_mean": 0.2686905884255303, "pc_kw_std": 0.058377149921457684, "pc_kw_min": 0.1196636199951172, "pc_kw_max": 0.6925396728515625, "reward_mean": -0.2969918910868686, "reward_std": 0.30647271866708464, "reward_min": -5.43103210938, "reward_max": -0.1196636199951172, "_step": 529200, "_wandb": {"runtime": 2332}}