{"value_loss": 0.007823025435209274, "_timestamp": 1663243439.2150364, "_runtime": 4631.616808414459, "policy_loss": -0.00029842851589165773, "dist_entropy": 1.124622106552124, "actor_grad_norm": 0.018097631633281708, "critic_grad_norm": 0.11960157006978989, "ratio": 0.9999927282333374, "average_step_reward": -0.6042230129241943, "average_episode_reward": -725.0676155090332, "_step": 907200}