{"value_loss": 0.009375621844083071, "_timestamp": 1663241521.0022411, "_runtime": 2713.404013156891, "policy_loss": -0.00041027618910050023, "dist_entropy": 1.2402924656867982, "actor_grad_norm": 0.03633959963917732, "critic_grad_norm": 0.19575516879558563, "ratio": 0.9999858140945435, "average_step_reward": -0.66335529088974, "average_episode_reward": -796.026349067688, "_step": 504000}