{"value_loss": 0.007362775411456824, "_timestamp": 1663244155.922326, "_runtime": 5348.324098110199, "policy_loss": -0.00033694375931965227, "dist_entropy": 1.0980805039405823, "actor_grad_norm": 0.02482842281460762, "critic_grad_norm": 0.11476588249206543, "ratio": 1.0000126361846924, "average_step_reward": -0.5893886089324951, "average_episode_reward": -707.2663307189941, "_step": 1058400, "_wandb": {"runtime": 5356}}