{"value_loss": 0.197262005507946, "_timestamp": 1666036232.9296913, "_runtime": 4037.3335633277893, "policy_loss": -0.0006735448715956771, "dist_entropy": 1.071831214427948, "actor_grad_norm": 0.03766188398003578, "critic_grad_norm": 0.30001476407051086, "ratio": 1.0000289678573608, "sm3_ratio_mean": 0.47970153061226917, "drop_ratio_mean": 0.04279769957065582, "drop_ratio_std": 0.18639780580997467, "drop_ratio_min": 0.0, "drop_ratio_max": 1.0, "ue_drop_ratio_mean": 0.04555000932317189, "ue_drop_ratio_std": 0.18714905139262658, "ue_drop_ratio_min": 0.0, "ue_drop_ratio_max": 0.9999996666667778, "delay_ratio_mean": 0.16760455071926117, "delay_ratio_std": 0.2271007001399994, "delay_ratio_min": 0.0, "delay_ratio_max": 1.0, "qos_reward_mean": -0.028330743968469203, "qos_reward_std": 0.14218555080499465, "qos_reward_min": -0.99999950000025, "qos_reward_max": 0.003919996081792059, "pc_kw_mean": 0.1882245982197353, "pc_kw_std": 0.047801856594714746, "pc_kw_min": 0.08605325317382813, "pc_kw_max": 0.6487246704101562, "reward_mean": -0.21655534218820446, "reward_std": 0.14908653708320221, "reward_min": -1.3083266672373282, "reward_max": -0.08605325317382813, "_step": 932400}