{"value_loss": 0.2120888650417328, "_timestamp": 1666036419.1561375, "_runtime": 4223.560009479523, "policy_loss": -0.0009042160085966256, "dist_entropy": 1.034930908679962, "actor_grad_norm": 0.03850910812616348, "critic_grad_norm": 0.20575328171253204, "ratio": 0.9999054074287415, "sm3_ratio_mean": 0.4105172902494464, "drop_ratio_mean": 0.05574508011341095, "drop_ratio_std": 0.20927442610263824, "drop_ratio_min": 0.0, "drop_ratio_max": 1.0, "ue_drop_ratio_mean": 0.048154811682784474, "ue_drop_ratio_std": 0.1753994937705165, "ue_drop_ratio_min": 0.0, "ue_drop_ratio_max": 0.9999996666667778, "delay_ratio_mean": 0.20730532705783844, "delay_ratio_std": 0.21087393164634705, "delay_ratio_min": 0.0, "delay_ratio_max": 1.0, "qos_reward_mean": -0.027806263368379023, "qos_reward_std": 0.13048347256425002, "qos_reward_min": -0.9999996666667778, "qos_reward_max": 0.003919996081792059, "pc_kw_mean": 0.20772788342672682, "pc_kw_std": 0.05014870114424736, "pc_kw_min": 0.08732646942138672, "pc_kw_max": 0.6492246704101563, "reward_mean": -0.23553414679510581, "reward_std": 0.13800619909911205, "reward_min": -1.314685462403344, "reward_max": -0.08732646942138672, "_step": 982800}