{"value_loss": 0.018130180425941944, "_timestamp": 1663606506.2433462, "_runtime": 3975.4467623233795, "policy_loss": -0.00038499024298488393, "dist_entropy": 0.9033317516247431, "actor_grad_norm": 0.027890684083104134, "critic_grad_norm": 0.7932694554328918, "ratio": 0.9999974370002747, "average_step_reward": -0.4560401141643524, "average_episode_reward": -547.2481369972229, "_step": 1008000, "_wandb": {"runtime": 4058}}