{"value_loss": 0.3426192462444305, "_timestamp": 1666736423.6417706, "_runtime": 3605.757473707199, "policy_loss": -0.0015355804440918774, "dist_entropy": 1.0195904493331909, "actor_grad_norm": 0.049955327063798904, "critic_grad_norm": 0.40470877289772034, "ratio": 1.0000636577606201, "sm3_ratio_mean": 0.5144238945578085, "drop_ratio_mean": 0.06918823719024658, "drop_ratio_std": 0.21448633074760437, "drop_ratio_min": 0.0, "drop_ratio_max": 1.0, "ue_drop_ratio_mean": 0.08089949365849775, "ue_drop_ratio_std": 0.2301977335548616, "ue_drop_ratio_min": 0.0, "ue_drop_ratio_max": 0.99999950000025, "delay_ratio_mean": 0.24786236882209778, "delay_ratio_std": 0.24823418259620667, "delay_ratio_min": 0.0, "delay_ratio_max": 1.0, "qos_reward_mean": -0.04008331269666964, "qos_reward_std": 0.1517869580410448, "qos_reward_min": -0.99999950000025, "qos_reward_max": 0.004833328491312498, "pc_kw_mean": 0.3545553970836458, "pc_kw_std": 0.07581963475212959, "pc_kw_min": 0.18567015075683593, "pc_kw_max": 0.6177891235351562, "reward_mean": -0.39463870978031546, "reward_std": 0.168536673189204, "reward_min": -1.47321042578225, "reward_max": -0.18567015075683593, "_step": 655200}