{"value_loss": 0.3253147631883621, "_timestamp": 1666737065.708726, "_runtime": 4247.824429035187, "policy_loss": -0.0017923943180040425, "dist_entropy": 0.9651040434837341, "actor_grad_norm": 0.06494878232479095, "critic_grad_norm": 0.06467162072658539, "ratio": 1.0000430345535278, "sm3_ratio_mean": 0.5144083049886482, "drop_ratio_mean": 0.038097795099020004, "drop_ratio_std": 0.16818279027938843, "drop_ratio_min": 0.0, "drop_ratio_max": 1.0, "ue_drop_ratio_mean": 0.046512151460758426, "ue_drop_ratio_std": 0.18974841836271114, "ue_drop_ratio_min": 0.0, "ue_drop_ratio_max": 0.9999996666667778, "delay_ratio_mean": 0.19660711288452148, "delay_ratio_std": 0.2455286979675293, "delay_ratio_min": 0.0, "delay_ratio_max": 1.0, "qos_reward_mean": -0.025265146401968336, "qos_reward_std": 0.13138092336126297, "qos_reward_min": -0.99999950000025, "qos_reward_max": 0.004833328491312498, "pc_kw_mean": 0.3361473935672215, "pc_kw_std": 0.06181779554593193, "pc_kw_min": 0.18617015075683593, "pc_kw_max": 0.5821676025390625, "reward_mean": -0.36141253996918987, "reward_std": 0.14546898003308703, "reward_min": -1.439683295655297, "reward_max": -0.18617015075683593, "_step": 806400, "_wandb": {"runtime": 4247}}