{"value_loss": 0.6362804889678955, "_timestamp": 1665148839.7135434, "_runtime": 101.55011630058289, "policy_loss": -0.0022193560985783733, "dist_entropy": 1.1904373049736023, "actor_grad_norm": 0.1291082203388214, "critic_grad_norm": 2.7938895225524902, "ratio": 1.0001418590545654, "sm3_ratio_mean": 0.6937077664399341, "drop_ratio_mean": 0.18646735265294817, "drop_ratio_std": 0.3479670471651855, "drop_ratio_min": 0.0, "drop_ratio_max": 0.9999998333333611, "ue_drop_ratio_mean": 0.21529532689805983, "ue_drop_ratio_std": 0.3825826002938334, "ue_drop_ratio_min": 0.0, "ue_drop_ratio_max": 0.9999998333333611, "delay_ratio_mean": 0.1566167889290522, "delay_ratio_std": 0.2524306210047152, "delay_ratio_min": 0.0, "delay_ratio_max": 0.9999990000010001, "qos_reward_mean": -0.1459578395161413, "qos_reward_std": 0.29880831532535784, "qos_reward_min": -0.9999998333333611, "qos_reward_max": 0.00390666284901342, "pc_mean": 281.7432861328125, "pc_std": 75.6682357788086, "pc_min": 144.7692413330078, "pc_max": 812.3602905273438, "reward_mean": -0.6466378815123418, "reward_std": 0.7389918607065029, "reward_min": -2.987534548342344, "reward_max": -0.1447692413330078, "_step": 25200, "_wandb": {"runtime": 139}}