{"value_loss": 0.024379191733896733, "_timestamp": 1666740879.5693276, "_runtime": 2209.524477481842, "policy_loss": -0.000766226152776639, "dist_entropy": 0.9904024243354798, "actor_grad_norm": 0.04399186745285988, "critic_grad_norm": 0.10859906673431396, "ratio": 0.9999915957450867, "sm3_ratio_mean": 0.11022321428571745, "drop_ratio_mean": 0.0070973774418234825, "drop_ratio_std": 0.05846959352493286, "drop_ratio_min": 0.0, "drop_ratio_max": 1.0, "ue_drop_ratio_mean": 0.012984213129252782, "ue_drop_ratio_std": 0.09107174209889814, "ue_drop_ratio_min": 0.0, "ue_drop_ratio_max": 0.99999950000025, "delay_ratio_mean": 0.2092164009809494, "delay_ratio_std": 0.17753848433494568, "delay_ratio_min": 0.0, "delay_ratio_max": 1.0, "qos_reward_mean": -0.0007683010985505954, "qos_reward_std": 0.03368238619287636, "qos_reward_min": -0.9999990000010001, "qos_reward_max": 0.004816661857207038, "pc_kw_mean": 0.46362073612213134, "pc_kw_std": 0.06720497141836514, "pc_kw_min": 0.24639537048339843, "pc_kw_max": 0.67054541015625, "reward_mean": -0.47591355369894084, "reward_std": 0.5440469614413421, "reward_min": -16.41601152687147, "reward_max": -0.2228424372427907, "_step": 504000, "_wandb": {"runtime": 2209}}