{"value_loss": 0.026426460780203342, "_timestamp": 1666740464.23196, "_runtime": 1794.1871099472046, "policy_loss": -0.0010263218450361933, "dist_entropy": 1.005261528491974, "actor_grad_norm": 0.0512346550822258, "critic_grad_norm": 0.04098506271839142, "ratio": 1.0000771284103394, "sm3_ratio_mean": 0.18484835600907334, "drop_ratio_mean": 0.010386921465396881, "drop_ratio_std": 0.0728287622332573, "drop_ratio_min": 0.0, "drop_ratio_max": 1.0, "ue_drop_ratio_mean": 0.018742034773674133, "ue_drop_ratio_std": 0.11333653329578823, "ue_drop_ratio_min": 0.0, "ue_drop_ratio_max": 0.99999950000025, "delay_ratio_mean": 0.2098650187253952, "delay_ratio_std": 0.1978868544101715, "delay_ratio_min": 0.0, "delay_ratio_max": 0.9933333396911621, "qos_reward_mean": -0.002979454512565045, "qos_reward_std": 0.04248409647418247, "qos_reward_min": -0.9999990000010001, "qos_reward_max": 0.004799995204475144, "pc_kw_mean": 0.42378744929934303, "pc_kw_std": 0.07186327279504007, "pc_kw_min": 0.19217015075683594, "pc_kw_max": 0.6839548339843751, "reward_mean": -0.47145872150038376, "reward_std": 0.6833707095140852, "reward_min": -16.468965933609752, "reward_max": -0.19217015075683594, "_step": 403200}