{"value_loss": 0.025358152575790882, "_timestamp": 1666740426.8862088, "_runtime": 1756.8413586616516, "policy_loss": -0.001134529979819021, "dist_entropy": 1.0147812962532043, "actor_grad_norm": 0.0680999755859375, "critic_grad_norm": 0.07485885918140411, "ratio": 1.0001466274261475, "sm3_ratio_mean": 0.23467049319728078, "drop_ratio_mean": 0.008893738500773907, "drop_ratio_std": 0.07222412526607513, "drop_ratio_min": 0.0, "drop_ratio_max": 1.0, "ue_drop_ratio_mean": 0.015335872961750084, "ue_drop_ratio_std": 0.10628771201284673, "ue_drop_ratio_min": 0.0, "ue_drop_ratio_max": 0.99999950000025, "delay_ratio_mean": 0.16984930634498596, "delay_ratio_std": 0.1994573175907135, "delay_ratio_min": 0.0, "delay_ratio_max": 1.0, "qos_reward_mean": -0.0036466198893093543, "qos_reward_std": 0.05093629749071098, "qos_reward_min": -0.99999950000025, "qos_reward_max": 0.004816661857207038, "pc_kw_mean": 0.39464510134742375, "pc_kw_std": 0.06842295482572591, "pc_kw_min": 0.18967015075683594, "pc_kw_max": 0.6744801025390625, "reward_mean": -0.4529910195763734, "reward_std": 0.8181950834341352, "reward_min": -16.496764578629282, "reward_max": -0.18112404993678682, "_step": 393120}