{"value_loss": 0.08306000530719757, "_timestamp": 1666748184.9764216, "_runtime": 4299.999863624573, "policy_loss": -0.0005992830934153925, "dist_entropy": 1.0354899168014526, "actor_grad_norm": 0.03529989346861839, "critic_grad_norm": 0.0837501659989357, "ratio": 0.9999192953109741, "sm3_ratio_mean": 0.26071676587301523, "drop_ratio_mean": 0.00950645748525858, "drop_ratio_std": 0.07004842907190323, "drop_ratio_min": 0.0, "drop_ratio_max": 1.0, "ue_drop_ratio_mean": 0.015571985378575104, "ue_drop_ratio_std": 0.09967982371119812, "ue_drop_ratio_min": 0.0, "ue_drop_ratio_max": 0.99999950000025, "delay_ratio_mean": 0.2117866575717926, "delay_ratio_std": 0.18652759492397308, "delay_ratio_min": 0.0, "delay_ratio_max": 1.0, "qos_reward_mean": -0.002175154900600158, "qos_reward_std": 0.04102330147282667, "qos_reward_min": -0.99999950000025, "qos_reward_max": 0.004816661857207038, "pc_kw_mean": 0.42131356781475127, "pc_kw_std": 0.07524459025739236, "pc_kw_min": 0.19117015075683594, "pc_kw_max": 0.7179002075195313, "reward_mean": -0.4387148070195525, "reward_std": 0.33730666158583056, "reward_min": -8.48935339135942, "reward_max": -0.19117015075683594, "_step": 1008000, "_wandb": {"runtime": 4299}}