{"value_loss": 0.29546553194522857, "_timestamp": 1666657998.2483757, "_runtime": 2878.691285610199, "policy_loss": -0.0019446694388719266, "dist_entropy": 1.0096022009849548, "actor_grad_norm": 0.07294981181621552, "critic_grad_norm": 0.44818076491355896, "ratio": 0.9997002482414246, "sm3_ratio_mean": 0.43340065192742816, "drop_ratio_mean": 0.03517010062932968, "drop_ratio_std": 0.14588570594787598, "drop_ratio_min": 0.0, "drop_ratio_max": 1.0, "ue_drop_ratio_mean": 0.046874300034625525, "ue_drop_ratio_std": 0.17334219019827946, "ue_drop_ratio_min": 0.0, "ue_drop_ratio_max": 0.9999996666667778, "delay_ratio_mean": 0.2481149286031723, "delay_ratio_std": 0.22375866770744324, "delay_ratio_min": 0.0, "delay_ratio_max": 1.0, "qos_reward_mean": -0.01683720722237967, "qos_reward_std": 0.09310138117094748, "qos_reward_min": -0.9999990000010001, "qos_reward_max": 0.004816661857207038, "pc_kw_mean": 0.3748871268015059, "pc_kw_std": 0.07431967820550885, "pc_kw_min": 0.18617015075683593, "pc_kw_max": 0.7168001098632812, "reward_mean": -0.3917243340238856, "reward_std": 0.12059748351224336, "reward_min": -1.5035747446299064, "reward_max": -0.18617015075683593, "_step": 504000, "_wandb": {"runtime": 2878}}