{"value_loss": 0.015255141537636518, "_timestamp": 1665089348.4362435, "_runtime": 17504.511348485947, "policy_loss": -0.0002879990278231048, "dist_entropy": 0.8506544649600982, "actor_grad_norm": 0.035774316638708115, "critic_grad_norm": 0.04671540856361389, "ratio": 0.9999818801879883, "drop_ratio_mean": 0.0013140107732833076, "drop_ratio_std": 0.027650027605671177, "drop_ratio_min": 0.0, "drop_ratio_max": 0.9999990000010001, "ue_drop_ratio_mean": 0.002028681973171836, "ue_drop_ratio_std": 0.035676232593228274, "ue_drop_ratio_min": 0.0, "ue_drop_ratio_max": 0.99999950000025, "delay_ratio_mean": 0.13343098981921261, "delay_ratio_std": 0.12307943613501802, "delay_ratio_min": 0.0, "delay_ratio_max": 0.9999990000010001, "qos_reward_mean": 0.004984186811879388, "qos_reward_std": 0.015805483498099588, "qos_reward_min": -0.9999990000010001, "qos_reward_max": 0.00969999058611171, "pc_mean": 275.48699951171875, "pc_std": 63.526248931884766, "pc_min": 143.94952392578125, "pc_max": 918.4186401367188, "reward_mean": -0.2256451304123055, "reward_std": 0.16653318965313113, "reward_min": -10.25327584290551, "reward_max": -0.08190626599070665, "_step": 4032000, "_wandb": {"runtime": 17504}}