{"value_loss": 0.013095689937472343, "_timestamp": 1662611752.7791607, "_runtime": 30145.57912683487, "policy_loss": -0.00025863192342594487, "dist_entropy": 1.1747425079345704, "actor_grad_norm": 0.017376532778143883, "critic_grad_norm": 0.037169165909290314, "ratio": 1.0000158548355103, "average_episode_rewards": -3069.6112632751465, "average_step_rewards": -2.558009386062622, "_step": 5040000, "_wandb": {"runtime": 30145}}