{"value_loss": 0.05634835362434387, "_timestamp": 1666720108.357605, "_runtime": 821.3664150238037, "policy_loss": -0.000950623698958708, "dist_entropy": 1.0877963304519653, "actor_grad_norm": 0.0704617127776146, "critic_grad_norm": 0.12570331990718842, "ratio": 1.0001039505004883, "sm3_ratio_mean": 0.2111678004535171, "drop_ratio_mean": 0.008288474753499031, "drop_ratio_std": 0.0676826685667038, "drop_ratio_min": 0.0, "drop_ratio_max": 1.0, "ue_drop_ratio_mean": 0.013652712440568423, "ue_drop_ratio_std": 0.10080576044068712, "ue_drop_ratio_min": 0.0, "ue_drop_ratio_max": 0.99999950000025, "delay_ratio_mean": 0.15577667951583862, "delay_ratio_std": 0.18560627102851868, "delay_ratio_min": 0.0, "delay_ratio_max": 1.0, "qos_reward_mean": -0.0028655709806251835, "qos_reward_std": 0.04661902736233027, "qos_reward_min": -0.9999990000010001, "qos_reward_max": 0.004849995153357609, "pc_kw_mean": 0.4246576646865361, "pc_kw_std": 0.08109990010037042, "pc_kw_min": 0.20741189575195312, "pc_kw_max": 0.7023198852539063, "reward_mean": -0.4590445164540382, "reward_std": 0.5637464715798108, "reward_min": -12.431483666515907, "reward_max": -0.20741189575195312, "_step": 191520, "_wandb": {"runtime": 837}}