{"value_loss": 0.222943414747715, "_timestamp": 1668189574.7399476, "_runtime": 8283.175792455673, "policy_loss": -0.0008066363523763443, "dist_entropy": 1.0454306721687316, "actor_grad_norm": 0.04108366370201111, "critic_grad_norm": 0.36730509996414185, "ratio": 1.0000684261322021, "sm3_ratio_mean": 0.6597647392290482, "drop_ratio_mean": 0.013738676905632019, "drop_ratio_std": 0.10166836529970169, "drop_ratio_min": 0.0, "drop_ratio_max": 1.0, "ue_drop_ratio_mean": 0.019591222279135217, "ue_drop_ratio_std": 0.12667609183166828, "ue_drop_ratio_min": 0.0, "ue_drop_ratio_max": 0.99999950000025, "delay_ratio_mean": 0.1513405442237854, "delay_ratio_std": 0.2072668969631195, "delay_ratio_min": 0.0, "delay_ratio_max": 1.0, "qos_reward_mean": -0.008449916439844905, "qos_reward_std": 0.08190152221271842, "qos_reward_min": -0.99999950000025, "qos_reward_max": 0.004849995153357609, "pc_kw_mean": 0.30693657622503856, "pc_kw_std": 0.07379414551462171, "pc_kw_min": 0.18567015075683593, "pc_kw_max": 0.678734375, "reward_mean": -0.3407362419844182, "reward_std": 0.33688732748324796, "reward_min": -4.462235166263766, "reward_max": -0.18567015075683593, "_step": 1512000, "_wandb": {"runtime": 8282}}