{"value_loss": 0.20430102795362473, "_timestamp": 1666537467.0113869, "_runtime": 6472.052147865295, "policy_loss": 3.267012379915002e-05, "dist_entropy": 0.9999883890151977, "actor_grad_norm": 0.026366332545876503, "critic_grad_norm": 0.10898075252771378, "ratio": 1.00006902217865, "sm3_ratio_mean": 0.16011337868480813, "drop_ratio_mean": 0.036967117339372635, "drop_ratio_std": 0.1276177018880844, "drop_ratio_min": 0.0, "drop_ratio_max": 1.0, "ue_drop_ratio_mean": 0.0659201087065024, "ue_drop_ratio_std": 0.20078414985411028, "ue_drop_ratio_min": 0.0, "ue_drop_ratio_max": 0.9999997500000625, "delay_ratio_mean": 0.2796645760536194, "delay_ratio_std": 0.2560311257839203, "delay_ratio_min": 0.0, "delay_ratio_max": 1.0, "qos_reward_mean": -0.017980211418657615, "qos_reward_std": 0.0792233242439118, "qos_reward_min": -0.9999990000010001, "qos_reward_max": 0.0046833286539783225, "pc_kw_mean": 0.24282574713328528, "pc_kw_std": 0.0503279886633696, "pc_kw_min": 0.1072491226196289, "pc_kw_max": 0.6687554931640625, "reward_mean": -0.26080595855194294, "reward_std": 0.09586223102761772, "reward_min": -1.3625528940439688, "reward_max": -0.1072491226196289, "_step": 1260000, "_wandb": {"runtime": 6471}}