{"value_loss": 0.10730623081326485, "_timestamp": 1666546154.199628, "_runtime": 7765.901668071747, "policy_loss": -0.0002777300171583619, "dist_entropy": 0.8318721234798432, "actor_grad_norm": 0.049475304782390594, "critic_grad_norm": 0.6004966497421265, "ratio": 0.9999901652336121, "sm3_ratio_mean": 0.01835856009070236, "drop_ratio_mean": 0.23470190167427063, "drop_ratio_std": 0.24632398784160614, "drop_ratio_min": 0.0, "drop_ratio_max": 1.0, "ue_drop_ratio_mean": 0.5126403649594944, "ue_drop_ratio_std": 0.46095873186807756, "ue_drop_ratio_min": 0.0, "ue_drop_ratio_max": 0.9999998750000157, "delay_ratio_mean": 0.2039310783147812, "delay_ratio_std": 0.3422737121582031, "delay_ratio_min": 0.0, "delay_ratio_max": 1.0, "qos_reward_mean": -0.20713336877799812, "qos_reward_std": 0.22790191813712227, "qos_reward_min": -0.9999990000010001, "qos_reward_max": 0.0036999963476873686, "pc_kw_mean": 0.3875364254694136, "pc_kw_std": 0.08304546335902849, "pc_kw_min": 0.17500796508789063, "pc_kw_max": 0.7231898803710938, "reward_mean": -1.008936531803408, "reward_std": 0.7125596376321628, "reward_min": -3.4269749308087913, "reward_max": -0.17500796508789063, "_step": 1260000, "_wandb": {"runtime": 7765}}