{"value_loss": 0.08114943206310272, "_timestamp": 1663538061.8418632, "_runtime": 3136.391559123993, "policy_loss": -0.001345449853300066, "dist_entropy": 1.1398868004480998, "actor_grad_norm": 0.03971387445926666, "critic_grad_norm": 0.476286381483078, "ratio": 1.000091791152954, "average_step_reward": -0.22295792400836945, "average_episode_reward": -267.54950881004333, "_step": 957600}