{"value_loss": 0.01634363333384196, "_timestamp": 1663546822.4285188, "_runtime": 11896.978214740753, "policy_loss": -0.0010713345483091294, "dist_entropy": 0.9876649061838786, "actor_grad_norm": 0.03120492212474346, "critic_grad_norm": 0.02564460225403309, "ratio": 0.9999964833259583, "average_step_reward": -0.15727658569812775, "average_episode_reward": -188.7319028377533, "_step": 3024000, "_wandb": {"runtime": 11896}}