{"value_loss": 0.0014511696761474013, "_timestamp": 1662969918.8371067, "_runtime": 32993.26101064682, "policy_loss": -0.00029717790019354593, "dist_entropy": 0.6617084443569183, "actor_grad_norm": 0.03289263695478439, "critic_grad_norm": 0.011408929713070393, "ratio": 0.9999992251396179, "average_step_reward": -0.8015038371086121, "average_episode_reward": -961.8046045303345, "_step": 5292000, "_wandb": {"runtime": 33163}}