{"value_loss": 0.0016400316962972283, "_timestamp": 1662964975.2142885, "_runtime": 28049.638192415237, "policy_loss": -0.00033827328967444, "dist_entropy": 0.7594642341136932, "actor_grad_norm": 0.023513732478022575, "critic_grad_norm": 0.021703103557229042, "ratio": 0.9999896883964539, "average_step_reward": -0.8324379920959473, "average_episode_reward": -998.9255905151367, "_step": 4384800}