{"value_loss": 0.0013154038111679255, "_timestamp": 1662832760.2880597, "_runtime": 22409.86741065979, "policy_loss": -0.00011577368298176793, "dist_entropy": 0.7874255001544952, "actor_grad_norm": 0.02379562519490719, "critic_grad_norm": 0.023940470069646835, "ratio": 0.9999726414680481, "average_step_reward": -0.8491554856300354, "average_episode_reward": -1018.9865827560425, "_step": 3780000, "_wandb": {"runtime": 22409}}