{"value_loss": 0.07508072555065155, "_timestamp": 1666755221.2648952, "_runtime": 1605.8243873119354, "policy_loss": -0.00038290381357182214, "dist_entropy": 1.084095799922943, "actor_grad_norm": 0.056115299463272095, "critic_grad_norm": 0.06749819219112396, "ratio": 1.000065565109253, "sm3_ratio_mean": 0.16789399092970883, "drop_ratio_mean": 0.010392664931714535, "drop_ratio_std": 0.07496915757656097, "drop_ratio_min": 0.0, "drop_ratio_max": 1.0, "ue_drop_ratio_mean": 0.016148007346767017, "ue_drop_ratio_std": 0.10527878482327613, "ue_drop_ratio_min": 0.0, "ue_drop_ratio_max": 0.9999996666667778, "delay_ratio_mean": 0.1918793022632599, "delay_ratio_std": 0.1735144406557083, "delay_ratio_min": 0.0, "delay_ratio_max": 1.0, "qos_reward_mean": -0.0031092802835281297, "qos_reward_std": 0.04893402341966117, "qos_reward_min": -0.9999990000010001, "qos_reward_max": 0.004816661857207038, "pc_kw_mean": 0.469960608592866, "pc_kw_std": 0.07054925295811582, "pc_kw_min": 0.21491189575195313, "pc_kw_max": 0.73097265625, "reward_mean": -0.49483485086109097, "reward_std": 0.39473596927233645, "reward_min": -8.537451594734563, "reward_max": -0.21491189575195313, "_step": 383040, "_wandb": {"runtime": 1635}}