{"value_loss": 0.004441637080162764, "_timestamp": 1663599359.9189212, "_runtime": 7125.495813131332, "policy_loss": -0.0006952655279619524, "dist_entropy": 0.6620576729377111, "actor_grad_norm": 0.042028818279504776, "critic_grad_norm": 0.348016619682312, "ratio": 0.99997878074646, "average_step_reward": -0.3271254599094391, "average_episode_reward": -392.5505518913269, "_step": 1512000, "_wandb": {"runtime": 7125}}