{"value_loss": 0.027204398531466722, "_timestamp": 1663596781.5063837, "_runtime": 4547.083275556564, "policy_loss": -0.00043334562958463607, "dist_entropy": 0.888279989361763, "actor_grad_norm": 0.029239246621727943, "critic_grad_norm": 0.8138990998268127, "ratio": 0.999975860118866, "average_step_reward": -0.4916469156742096, "average_episode_reward": -589.9762988090515, "_step": 856800}