{"value_loss": 0.7636518359184266, "_timestamp": 1662712085.9279213, "_runtime": 280.3712363243103, "policy_loss": -0.0015323801064027975, "dist_entropy": 1.455982744693756, "actor_grad_norm": 0.048965081572532654, "critic_grad_norm": 4.193406105041504, "ratio": 1.0000253915786743, "average_step_reward": -6.345354080200195, "average_episode_reward": -7614.424896240234, "_step": 50400, "_wandb": {"runtime": 484}}