{"value_loss": 0.0069413975191613035, "_timestamp": 1663743830.2085319, "_runtime": 11273.810152769089, "policy_loss": -0.0001855254927585944, "dist_entropy": 0.8451026231050491, "actor_grad_norm": 0.023714518174529076, "critic_grad_norm": 0.10569531470537186, "ratio": 0.9999794960021973, "drop_mean": 0.07069470948834293, "drop_std": 1.3731024409848538, "drop_min": 0.0, "drop_max": 66.0, "delay_mean": 0.07445804331342014, "delay_std": 0.07482114332186947, "delay_min": 0.0, "delay_max": 0.7200000186761221, "pc_mean": 413.224365234375, "pc_std": 83.27359008789062, "pc_min": 196.5463409423828, "pc_max": 1014.7650146484375, "reward_mean": -0.4560175330394901, "reward_std": 0.6966297800052493, "reward_min": -33.52246584795581, "reward_max": -0.19654634094238282, "_step": 3024000, "_wandb": {"runtime": 11273}}