{"value_loss": 0.36867907643318176, "_timestamp": 1666647736.354813, "_runtime": 933.6003620624542, "policy_loss": -0.002209133531307206, "dist_entropy": 0.9927835762500763, "actor_grad_norm": 0.07712044566869736, "critic_grad_norm": 0.2931291460990906, "ratio": 1.0001617670059204, "sm3_ratio_mean": 0.5885147392290183, "drop_ratio_mean": 0.10434728115797043, "drop_ratio_std": 0.23598717153072357, "drop_ratio_min": 0.0, "drop_ratio_max": 1.0, "ue_drop_ratio_mean": 0.16073087298271954, "ue_drop_ratio_std": 0.32248675348358635, "ue_drop_ratio_min": 0.0, "ue_drop_ratio_max": 0.9999997500000625, "delay_ratio_mean": 0.2159394770860672, "delay_ratio_std": 0.28054821491241455, "delay_ratio_min": 0.0, "delay_ratio_max": 1.0, "qos_reward_mean": -0.06736402175968341, "qos_reward_std": 0.17817021957958573, "qos_reward_min": -0.9999990000010001, "qos_reward_max": 0.004783328551743252, "pc_kw_mean": 0.34338764327518523, "pc_kw_std": 0.09658703491141905, "pc_kw_min": 0.18817015075683594, "pc_kw_max": 0.71387451171875, "reward_mean": -0.4107516650348686, "reward_std": 0.20399913984216164, "reward_min": -1.506964611437641, "reward_max": -0.18817015075683594, "_step": 201600, "_wandb": {"runtime": 933}}