{"value_loss": 0.024460015073418617, "_timestamp": 1663295808.7913826, "_runtime": 19677.105840444565, "policy_loss": -0.0006631373725282478, "dist_entropy": 0.9513011654218038, "actor_grad_norm": 0.0397878959774971, "critic_grad_norm": 0.010043669492006302, "ratio": 0.9998862147331238, "average_step_reward": -0.4194345772266388, "average_episode_reward": -503.32149267196655, "_step": 5040000, "_wandb": {"runtime": 19677}}