{"value_loss": 0.008775367867201567, "_timestamp": 1664500922.3852186, "_runtime": 31155.45979166031, "policy_loss": -0.00026344887315445933, "dist_entropy": 0.7932825565338135, "actor_grad_norm": 0.03349621221423149, "critic_grad_norm": 0.2312151938676834, "ratio": 0.999981701374054, "drop_mean": 0.02514970581058324, "drop_std": 1.0519954272458452, "drop_min": 0.0, "drop_max": 66.0, "delay_mean": 0.054997935087434016, "delay_std": 0.05447581285032123, "delay_min": 0.0, "delay_max": 0.5966666754749086, "pc_mean": 303.6039733886719, "pc_std": 61.2172966003418, "pc_min": 153.55715942382812, "pc_max": 951.1092529296875, "reward_mean": -0.32167862839152805, "reward_std": 0.5312055202771608, "reward_min": -33.41060897541874, "reward_max": -0.15355715942382814, "_step": 6048000, "_wandb": {"runtime": 31155}}