{"value_loss": 0.17400180995464326, "_timestamp": 1665154244.884158, "_runtime": 1616.1884219646454, "policy_loss": -0.00014055214608639234, "dist_entropy": 1.0713278889656066, "actor_grad_norm": 0.023844508454203606, "critic_grad_norm": 0.3721916675567627, "ratio": 0.9999648332595825, "sm3_ratio_mean": 0.16342630385487336, "drop_ratio_mean": 0.00876279597632729, "drop_ratio_std": 0.08411117952721138, "drop_ratio_min": 0.0, "drop_ratio_max": 0.99999950000025, "ue_drop_ratio_mean": 0.009362631670816567, "ue_drop_ratio_std": 0.08317524939756421, "ue_drop_ratio_min": 0.0, "ue_drop_ratio_max": 0.99999950000025, "delay_ratio_mean": 0.10551800055298766, "delay_ratio_std": 0.14359129901003664, "delay_ratio_min": 0.0, "delay_ratio_max": 0.9999990000010001, "qos_reward_mean": -0.003103499211924051, "qos_reward_std": 0.05895068841835744, "qos_reward_min": -0.9999990000010001, "qos_reward_max": 0.0048999951953722365, "pc_mean": 289.2171325683594, "pc_std": 55.46491622924805, "pc_min": 148.86297607421875, "pc_max": 795.8887329101562, "reward_mean": -0.30163114413170444, "reward_std": 0.240313021514365, "reward_min": -4.346370145511813, "reward_max": -0.14886297607421875, "_step": 378000, "_wandb": {"runtime": 1620}}