{"value_loss": 0.5529871731996536, "_timestamp": 1663696412.9873984, "_runtime": 24.698936462402344, "policy_loss": -0.005050514523728585, "dist_entropy": 1.1898108025391896, "actor_grad_norm": 0.1195179745554924, "critic_grad_norm": 2.362370491027832, "ratio": 1.0002624988555908, "drop_mean": 2.342433828864532, "drop_std": 8.263381390378855, "drop_min": 0.0, "drop_max": 94.9155801832676, "delay_mean": 0.09455861827741316, "delay_std": 0.1536289526452789, "delay_min": 0.0, "delay_max": 1.000000031458007, "pc_mean": 355.0595703125, "pc_std": 122.58285522460938, "pc_min": 154.842041015625, "pc_max": 1155.712646484375, "reward_mean": -1.545188216974235, "reward_std": 4.1428343354764605, "reward_min": -47.86944151088927, "reward_max": -0.15484204101562501, "_step": 5040, "_wandb": {"runtime": 39}}