{"value_loss": 0.1295826867222786, "_timestamp": 1666562902.456373, "_runtime": 478.9030818939209, "policy_loss": -0.0015798027968408235, "dist_entropy": 0.8597807824611664, "actor_grad_norm": 0.0690310150384903, "critic_grad_norm": 0.5362237095832825, "ratio": 0.9999669790267944, "sm3_ratio_mean": 0.10233560090702946, "drop_ratio_mean": 0.014749166555702686, "drop_ratio_std": 0.08926384150981903, "drop_ratio_min": 0.0, "drop_ratio_max": 1.0, "ue_drop_ratio_mean": 0.019400026869525768, "ue_drop_ratio_std": 0.10680359896055079, "ue_drop_ratio_min": 0.0, "ue_drop_ratio_max": 0.99999950000025, "delay_ratio_mean": 0.18944723904132843, "delay_ratio_std": 0.19481849670410156, "delay_ratio_min": 0.0, "delay_ratio_max": 0.9633333086967468, "qos_reward_mean": -0.004384381582815927, "qos_reward_std": 0.0469610128147304, "qos_reward_min": -0.9999990000010001, "qos_reward_max": 0.004783328551743252, "pc_kw_mean": 0.4990052958897182, "pc_kw_std": 0.058910642629349856, "pc_kw_min": 0.2883890075683594, "pc_kw_max": 0.6927180786132813, "reward_mean": -0.5209272038037979, "reward_std": 0.24092309230666145, "reward_min": -5.505462346196407, "reward_max": -0.2883890075683594, "_step": 100800, "_wandb": {"runtime": 478}}