{"value_loss": 0.331695290406545, "_timestamp": 1663305481.737536, "_runtime": 455.98562383651733, "policy_loss": -0.001246022365231525, "dist_entropy": 1.356033412615458, "actor_grad_norm": 0.04753531888127327, "critic_grad_norm": 1.4545331001281738, "ratio": 0.999956488609314, "average_step_reward": -2.978395700454712, "average_episode_reward": -3574.0748405456543, "_step": 100800, "_wandb": {"runtime": 553}}