{"value_loss": 1.3339836597442627, "_timestamp": 1666537608.866237, "_runtime": 129.70416498184204, "policy_loss": -0.001758815553318982, "dist_entropy": 1.1920347094535828, "actor_grad_norm": 0.127312570810318, "critic_grad_norm": 4.845047473907471, "ratio": 0.9998396039009094, "sm3_ratio_mean": 0.6956842403628363, "drop_ratio_mean": 0.41889166831970215, "drop_ratio_std": 0.3678414523601532, "drop_ratio_min": 0.0, "drop_ratio_max": 1.0, "ue_drop_ratio_mean": 0.5941469713553593, "ue_drop_ratio_std": 0.45663062418179645, "ue_drop_ratio_min": 0.0, "ue_drop_ratio_max": 0.9999998571428775, "delay_ratio_mean": 0.13790135085582733, "delay_ratio_std": 0.27766862511634827, "delay_ratio_min": 0.0, "delay_ratio_max": 1.0, "qos_reward_mean": -0.37915536593650345, "qos_reward_std": 0.3538271526089812, "qos_reward_min": -0.99999980000004, "qos_reward_max": 0.004716661940815677, "pc_kw_mean": 0.23577291990310428, "pc_kw_std": 0.06329197041433442, "pc_kw_min": 0.11092470550537109, "pc_kw_max": 0.6885957031250001, "reward_mean": -0.9940836517761112, "reward_std": 0.6989304268216476, "reward_min": -2.394379971631381, "reward_max": -0.12051756286621094, "_step": 25200}