{"value_loss": 0.40212344825267793, "_timestamp": 1666538026.181119, "_runtime": 547.0190470218658, "policy_loss": -0.0016581233220392733, "dist_entropy": 1.1614374041557312, "actor_grad_norm": 0.09452037513256073, "critic_grad_norm": 4.080060005187988, "ratio": 1.0000526905059814, "sm3_ratio_mean": 0.5879532312925511, "drop_ratio_mean": 0.2985680401325226, "drop_ratio_std": 0.335732638835907, "drop_ratio_min": 0.0, "drop_ratio_max": 1.0, "ue_drop_ratio_mean": 0.4417796107909728, "ue_drop_ratio_std": 0.44291257081830876, "ue_drop_ratio_min": 0.0, "ue_drop_ratio_max": 0.9999998333333611, "delay_ratio_mean": 0.22987180948257446, "delay_ratio_std": 0.3133765459060669, "delay_ratio_min": 0.0, "delay_ratio_max": 1.0, "qos_reward_mean": -0.24123715954441421, "qos_reward_std": 0.2985333778043976, "qos_reward_min": -0.9999996666667778, "qos_reward_max": 0.0046999953067102165, "pc_kw_mean": 0.24436146775654385, "pc_kw_std": 0.06887058130550297, "pc_kw_min": 0.102182861328125, "pc_kw_max": 0.6978461303710938, "reward_mean": -0.7268357868453722, "reward_std": 0.5888943303393764, "reward_min": -2.456309279298875, "reward_max": -0.10269255065917969, "_step": 100800, "_wandb": {"runtime": 637}}