{"value_loss": 0.08359920531511307, "_timestamp": 1665113990.0337784, "_runtime": 8716.075385332108, "policy_loss": -0.00024571159122173115, "dist_entropy": 1.0293306112289429, "actor_grad_norm": 0.02652335725724697, "critic_grad_norm": 0.29190173745155334, "ratio": 1.000012993812561, "drop_ratio_mean": 0.005339996341614154, "drop_ratio_std": 0.06594529912668212, "drop_ratio_min": 0.0, "drop_ratio_max": 0.99999950000025, "ue_drop_ratio_mean": 0.005754137025384974, "ue_drop_ratio_std": 0.06656506064274746, "ue_drop_ratio_min": 0.0, "ue_drop_ratio_max": 0.9999990000010001, "delay_ratio_mean": 0.11458606540818941, "delay_ratio_std": 0.15533639504455746, "delay_ratio_min": 0.0, "delay_ratio_max": 0.9999990000010001, "qos_reward_mean": -0.0024127637134476925, "qos_reward_std": 0.045009900710927066, "qos_reward_min": -0.9999990000010001, "qos_reward_max": 0.0019599980781488946, "pc_mean": 228.57467651367188, "pc_std": 53.698177337646484, "pc_min": 105.14533996582031, "pc_max": 748.934814453125, "reward_mean": -0.24063847345687503, "reward_std": 0.2308421520108473, "reward_min": -5.268089696049922, "reward_max": -0.10514533996582032, "_step": 2016000, "_wandb": {"runtime": 8833}}