{"value_loss": 0.12859172821044923, "_timestamp": 1666798537.0205212, "_runtime": 1253.3733460903168, "policy_loss": -0.00021182843044407207, "dist_entropy": 1.0908512949943543, "actor_grad_norm": 0.023838961496949196, "critic_grad_norm": 0.3905352056026459, "ratio": 1.0000216960906982, "sm3_ratio_mean": 0.2833140589569167, "drop_ratio_mean": 0.023471636697649956, "drop_ratio_std": 0.12551383674144745, "drop_ratio_min": 0.0, "drop_ratio_max": 1.0, "ue_drop_ratio_mean": 0.026668727699113954, "ue_drop_ratio_std": 0.13267405627055454, "ue_drop_ratio_min": 0.0, "ue_drop_ratio_max": 0.9999996666667778, "delay_ratio_mean": 0.1795128434896469, "delay_ratio_std": 0.1798352748155594, "delay_ratio_min": 0.0, "delay_ratio_max": 1.0, "qos_reward_mean": -0.009917443882935025, "qos_reward_std": 0.07828313813573116, "qos_reward_min": -0.99999950000025, "qos_reward_max": 0.004833328491312498, "pc_kw_mean": 0.44117137419382735, "pc_kw_std": 0.08301035242182506, "pc_kw_min": 0.18767015075683594, "pc_kw_max": 0.7507134399414063, "reward_mean": -0.5205109252573076, "reward_std": 0.6279564017355386, "reward_min": -8.519386629001493, "reward_max": -0.18767015075683594, "_step": 252000, "_wandb": {"runtime": 1348}}