{"value_loss": 0.21171616911888122, "_timestamp": 1666824025.1842268, "_runtime": 8463.004094839096, "policy_loss": -0.001409331099107769, "dist_entropy": 1.027788519859314, "actor_grad_norm": 0.04788918048143387, "critic_grad_norm": 0.21650858223438263, "ratio": 0.9999211430549622, "sm3_ratio_mean": 0.6267947845805307, "drop_ratio_mean": 0.03454338014125824, "drop_ratio_std": 0.15614111721515656, "drop_ratio_min": 0.0, "drop_ratio_max": 1.0, "ue_drop_ratio_mean": 0.051917333322387585, "ue_drop_ratio_std": 0.20100677111810675, "ue_drop_ratio_min": 0.0, "ue_drop_ratio_max": 0.9999996666667778, "delay_ratio_mean": 0.17924393713474274, "delay_ratio_std": 0.2461705207824707, "delay_ratio_min": 0.0, "delay_ratio_max": 1.0, "qos_reward_mean": -0.02305795503230371, "qos_reward_std": 0.12170188001574052, "qos_reward_min": -0.99999950000025, "qos_reward_max": 0.004849995153357609, "pc_kw_mean": 0.3041003994030423, "pc_kw_std": 0.07411423030083308, "pc_kw_min": 0.18367015075683593, "pc_kw_max": 0.6534786376953126, "reward_mean": -0.3502163094676497, "reward_std": 0.2568414828451353, "reward_min": -2.4924314106465313, "reward_max": -0.18367015075683593, "_step": 1512000, "_wandb": {"runtime": 8462}}