{"value_loss": 0.12179326340556144, "_timestamp": 1665138107.2659297, "_runtime": 9806.89066362381, "policy_loss": -0.0003775593434475866, "dist_entropy": 1.0186846256256104, "actor_grad_norm": 0.02295723743736744, "critic_grad_norm": 0.5311935544013977, "ratio": 0.9999934434890747, "drop_ratio_mean": 0.005755570494590838, "drop_ratio_std": 0.0705989560097027, "drop_ratio_min": 0.0, "drop_ratio_max": 0.9999990000010001, "ue_drop_ratio_mean": 0.006339280360068847, "ue_drop_ratio_std": 0.07322999872667108, "ue_drop_ratio_min": 0.0, "ue_drop_ratio_max": 0.99999950000025, "delay_ratio_mean": 0.11031704139457052, "delay_ratio_std": 0.17519773130845087, "delay_ratio_min": 0.0, "delay_ratio_max": 0.9999990000010001, "qos_reward_mean": -0.003706196361792961, "qos_reward_std": 0.0573352067739824, "qos_reward_min": -0.9999990000010001, "qos_reward_max": 0.00195333142450671, "pc_mean": 209.3835906982422, "pc_std": 45.091617584228516, "pc_min": 111.84060668945312, "pc_max": 758.0990600585938, "reward_mean": -0.2279145782695191, "reward_std": 0.29006014998758806, "reward_min": -5.305722783208125, "reward_max": -0.11184060668945313, "_step": 2520000, "_wandb": {"runtime": 9806}}