{"value_loss": 0.2741919070482254, "_timestamp": 1666751819.0431058, "_runtime": 3621.5975658893585, "policy_loss": -0.0008205325254410312, "dist_entropy": 1.0469409704208374, "actor_grad_norm": 0.037223707884550095, "critic_grad_norm": 0.2064211070537567, "ratio": 1.0000503063201904, "sm3_ratio_mean": 0.2741050170068017, "drop_ratio_mean": 0.01602010801434517, "drop_ratio_std": 0.09492211788892746, "drop_ratio_min": 0.0, "drop_ratio_max": 1.0, "ue_drop_ratio_mean": 0.022327693849804597, "ue_drop_ratio_std": 0.11813491341379029, "ue_drop_ratio_min": 0.0, "ue_drop_ratio_max": 0.99999950000025, "delay_ratio_mean": 0.19836147129535675, "delay_ratio_std": 0.17794477939605713, "delay_ratio_min": 0.0, "delay_ratio_max": 1.0, "qos_reward_mean": -0.005017577641406514, "qos_reward_std": 0.05365256582137802, "qos_reward_min": -0.9999990000010001, "qos_reward_max": 0.004799995204475144, "pc_kw_mean": 0.44703005432325704, "pc_kw_std": 0.08687652776769396, "pc_kw_min": 0.18967015075683594, "pc_kw_max": 0.75653564453125, "reward_mean": -0.46710036488888307, "reward_std": 0.23282750111742734, "reward_min": -4.563960904789156, "reward_max": -0.18967015075683594, "_step": 866880}