{"value_loss": 0.1812383383512497, "_timestamp": 1666749226.0730908, "_runtime": 1028.6275508403778, "policy_loss": -0.0004598826533959155, "dist_entropy": 1.1096272706985473, "actor_grad_norm": 0.03100336715579033, "critic_grad_norm": 0.5866882801055908, "ratio": 0.9999891519546509, "sm3_ratio_mean": 0.3012691326530589, "drop_ratio_mean": 0.017243923619389534, "drop_ratio_std": 0.10371365398168564, "drop_ratio_min": 0.0, "drop_ratio_max": 1.0, "ue_drop_ratio_mean": 0.028485958842631463, "ue_drop_ratio_std": 0.14962378730265494, "ue_drop_ratio_min": 0.0, "ue_drop_ratio_max": 0.9999996666667778, "delay_ratio_mean": 0.1634262055158615, "delay_ratio_std": 0.2065572291612625, "delay_ratio_min": 0.0, "delay_ratio_max": 1.0, "qos_reward_mean": -0.010437730278556991, "qos_reward_std": 0.08245854809491523, "qos_reward_min": -0.99999950000025, "qos_reward_max": 0.004816661857207038, "pc_kw_mean": 0.3998523547641815, "pc_kw_std": 0.07253467182657054, "pc_kw_min": 0.18917015075683594, "pc_kw_max": 0.6763934936523438, "reward_mean": -0.4416032758784094, "reward_std": 0.3345739692128626, "reward_min": -4.457135770511813, "reward_max": -0.18917015075683594, "_step": 241920}