{"value_loss": 0.2962855577468872, "_timestamp": 1666752427.966983, "_runtime": 4230.521443128586, "policy_loss": -0.0008210521100973977, "dist_entropy": 1.0395657300949097, "actor_grad_norm": 0.03566510230302811, "critic_grad_norm": 0.09138858318328857, "ratio": 1.0000064373016357, "sm3_ratio_mean": 0.26269734977324205, "drop_ratio_mean": 0.01790633425116539, "drop_ratio_std": 0.099846251308918, "drop_ratio_min": 0.0, "drop_ratio_max": 1.0, "ue_drop_ratio_mean": 0.02641091767688558, "ue_drop_ratio_std": 0.1311604785226006, "ue_drop_ratio_min": 0.0, "ue_drop_ratio_max": 0.9999996666667778, "delay_ratio_mean": 0.21734467148780823, "delay_ratio_std": 0.1934576779603958, "delay_ratio_min": 0.0, "delay_ratio_max": 1.0, "qos_reward_mean": -0.006856315073781289, "qos_reward_std": 0.06319243994741444, "qos_reward_min": -0.9999990000010001, "qos_reward_max": 0.004816661857207038, "pc_kw_mean": 0.4258226932139624, "pc_kw_std": 0.07805062454746757, "pc_kw_min": 0.19217015075683594, "pc_kw_max": 0.7438465576171875, "reward_mean": -0.4532479535090876, "reward_std": 0.2638831453861328, "reward_min": -4.556632352543063, "reward_max": -0.19217015075683594, "_step": 1008000, "_wandb": {"runtime": 4230}}