{"value_loss": 0.2750889480113983, "_timestamp": 1666751897.5987937, "_runtime": 3700.1532537937164, "policy_loss": -0.0007090820978071122, "dist_entropy": 1.0660282850265503, "actor_grad_norm": 0.06024874001741409, "critic_grad_norm": 0.1150074228644371, "ratio": 1.0000619888305664, "sm3_ratio_mean": 0.28785041099773084, "drop_ratio_mean": 0.017416100949048996, "drop_ratio_std": 0.10153941810131073, "drop_ratio_min": 0.0, "drop_ratio_max": 1.0, "ue_drop_ratio_mean": 0.02369242942690157, "ue_drop_ratio_std": 0.12327933098924013, "ue_drop_ratio_min": 0.0, "ue_drop_ratio_max": 0.9999996666667778, "delay_ratio_mean": 0.18883296847343445, "delay_ratio_std": 0.1892741173505783, "delay_ratio_min": 0.0, "delay_ratio_max": 1.0, "qos_reward_mean": -0.006759993937353781, "qos_reward_std": 0.06342948074048604, "qos_reward_min": -0.9999990000010001, "qos_reward_max": 0.004816661857207038, "pc_kw_mean": 0.4281591458123828, "pc_kw_std": 0.08711370636111997, "pc_kw_min": 0.18717015075683593, "pc_kw_max": 0.7339313354492187, "reward_mean": -0.4551991215617979, "reward_std": 0.2689884485092886, "reward_min": -4.500282071781344, "reward_max": -0.18717015075683593, "_step": 887040}