{"value_loss": 0.006399416644126177, "_timestamp": 1663161684.518871, "_runtime": 4864.0976140499115, "policy_loss": -0.0005138514107500214, "dist_entropy": 1.0693130612373352, "actor_grad_norm": 0.02143096551299095, "critic_grad_norm": 0.11312609910964966, "ratio": 1.0000568628311157, "average_step_reward": -0.5717776417732239, "average_episode_reward": -686.1331701278687, "_step": 856800, "_wandb": {"runtime": 4948}}