{"value_loss": 0.35290915369987486, "_timestamp": 1666646791.7247324, "_runtime": 908.7154474258423, "policy_loss": -0.0016008220256363615, "dist_entropy": 1.0185806274414062, "actor_grad_norm": 0.08764448761940002, "critic_grad_norm": 0.16037800908088684, "ratio": 1.0002877712249756, "sm3_ratio_mean": 0.33965561224489677, "drop_ratio_mean": 0.040784113109111786, "drop_ratio_std": 0.1605871170759201, "drop_ratio_min": 0.0, "drop_ratio_max": 1.0, "ue_drop_ratio_mean": 0.05424449772990482, "ue_drop_ratio_std": 0.19320910651784926, "ue_drop_ratio_min": 0.0, "ue_drop_ratio_max": 0.99999950000025, "delay_ratio_mean": 0.2131897509098053, "delay_ratio_std": 0.22907762229442596, "delay_ratio_min": 0.0, "delay_ratio_max": 1.0, "qos_reward_mean": -0.02272899852095895, "qos_reward_std": 0.11396766260026467, "qos_reward_min": -0.99999950000025, "qos_reward_max": 0.004783328551743252, "pc_kw_mean": 0.4144045574460711, "pc_kw_std": 0.07463616825128966, "pc_kw_min": 0.19917015075683595, "pc_kw_max": 0.6786788940429688, "reward_mean": -0.48259155300894796, "reward_std": 0.3473663463409607, "reward_min": -3.447848902832781, "reward_max": -0.19917015075683595, "_step": 201600, "_wandb": {"runtime": 908}}