{"value_loss": 0.0412614851569136, "_timestamp": 1663720548.4113185, "_runtime": 9486.937559604645, "policy_loss": -0.0004749235883275323, "dist_entropy": 0.8628981957832972, "actor_grad_norm": 0.06834372878074646, "critic_grad_norm": 0.07252179831266403, "ratio": 0.9999803900718689, "drop_mean": 0.05644114182759235, "drop_std": 1.2942101583968564, "drop_min": 0.0, "drop_max": 66.0, "delay_mean": 0.03307741302469206, "delay_std": 0.05844768161708982, "delay_min": 0.0, "delay_max": 0.6755555503898196, "pc_mean": 293.0767517089844, "pc_std": 58.65557861328125, "pc_min": 136.919189453125, "pc_max": 735.8770751953125, "reward_mean": -0.32460507001029737, "reward_std": 0.6528016436570477, "reward_min": -33.583301704665026, "reward_max": -0.136919189453125, "_step": 3024000, "_wandb": {"runtime": 9486}}