{"value_loss": 0.07325825169682502, "_timestamp": 1666560159.9790866, "_runtime": 496.2455885410309, "policy_loss": -0.0022374488705441562, "dist_entropy": 0.9377525568008422, "actor_grad_norm": 0.1057438999414444, "critic_grad_norm": 0.15046709775924683, "ratio": 0.9997760653495789, "sm3_ratio_mean": 0.10935374149659863, "drop_ratio_mean": 0.010988092981278896, "drop_ratio_std": 0.08282344043254852, "drop_ratio_min": 0.0, "drop_ratio_max": 1.0, "ue_drop_ratio_mean": 0.0149371599632733, "ue_drop_ratio_std": 0.09805403475923256, "ue_drop_ratio_min": 0.0, "ue_drop_ratio_max": 0.99999950000025, "delay_ratio_mean": 0.17722447216510773, "delay_ratio_std": 0.1849706470966339, "delay_ratio_min": 0.0, "delay_ratio_max": 1.0, "qos_reward_mean": -0.003379988719451248, "qos_reward_std": 0.048167815824388144, "qos_reward_min": -0.9999990000010001, "qos_reward_max": 0.004783328551743252, "pc_kw_mean": 0.335700032037402, "pc_kw_std": 0.07115072946686525, "pc_kw_min": 0.18571823120117187, "pc_kw_max": 0.6506096801757812, "reward_mean": -0.35259997563465817, "reward_std": 0.24737092520244489, "reward_min": -5.205786625981563, "reward_max": -0.18571823120117187, "_step": 100800, "_wandb": {"runtime": 496}}