{"value_loss": 0.8006887674331665, "_timestamp": 1665019205.344013, "_runtime": 451.08214807510376, "policy_loss": -0.0020546081124308557, "dist_entropy": 1.1835907697677612, "actor_grad_norm": 0.05755167454481125, "critic_grad_norm": 8.01340103149414, "ratio": 0.9999966621398926, "drop_ratio_mean": 0.213356025112737, "drop_ratio_std": 0.33815310229236784, "drop_ratio_min": 0.0, "drop_ratio_max": 0.99999980000004, "ue_drop_ratio_mean": 0.27605148992045075, "ue_drop_ratio_std": 0.40462928689081396, "ue_drop_ratio_min": 0.0, "ue_drop_ratio_max": 0.9999998571428775, "delay_ratio_mean": 0.22013480366472837, "delay_ratio_std": 0.2850517163488002, "delay_ratio_min": 0.0, "delay_ratio_max": 0.9999990000010001, "qos_reward_mean": -0.1585687183127218, "qos_reward_std": 0.28452859187005486, "qos_reward_min": -0.99999980000004, "qos_reward_max": 0.00969999058611171, "pc_mean": 362.3526611328125, "pc_std": 109.45099639892578, "pc_min": 145.4320526123047, "pc_max": 1091.10205078125, "reward_mean": -1.9480398550771187, "reward_std": 2.8284570186494236, "reward_min": -10.669764414072501, "reward_max": -0.10792624672291182, "_step": 100800, "_wandb": {"runtime": 574}}