{"value_loss": 0.7845228612422943, "_timestamp": 1663196835.951935, "_runtime": 316.7342920303345, "policy_loss": -0.0025269897891949, "dist_entropy": 1.361029899120331, "actor_grad_norm": 0.2041812241077423, "critic_grad_norm": 1.7079718112945557, "ratio": 1.0000678300857544, "average_step_reward": -3.110963821411133, "average_episode_reward": -3733.1565856933594, "_step": 50400, "_wandb": {"runtime": 376}}