{"value_loss": 0.1794024422764778, "_timestamp": 1666832609.1918364, "_runtime": 8573.782845258713, "policy_loss": -0.0010547404469122058, "dist_entropy": 1.0149760842323303, "actor_grad_norm": 0.03958861902356148, "critic_grad_norm": 0.4530147612094879, "ratio": 0.999957263469696, "sm3_ratio_mean": 0.7361904761904815, "drop_ratio_mean": 0.0391402430832386, "drop_ratio_std": 0.17221559584140778, "drop_ratio_min": 0.0, "drop_ratio_max": 1.0, "ue_drop_ratio_mean": 0.05209179374801737, "ue_drop_ratio_std": 0.20501384745142837, "ue_drop_ratio_min": 0.0, "ue_drop_ratio_max": 0.9999996666667778, "delay_ratio_mean": 0.1693132221698761, "delay_ratio_std": 0.23880897462368011, "delay_ratio_min": 0.0, "delay_ratio_max": 1.0, "qos_reward_mean": -0.028418260741736267, "qos_reward_std": 0.14196823189117846, "qos_reward_min": -0.9999996666667778, "qos_reward_max": 0.004849995153357609, "pc_kw_mean": 0.2811368551236107, "pc_kw_std": 0.06199482614422719, "pc_kw_min": 0.18417015075683593, "pc_kw_max": 0.6030465698242188, "reward_mean": -0.309555115865347, "reward_std": 0.15532339339788534, "reward_min": -1.448820533204125, "reward_max": -0.18417015075683593, "_step": 1512000, "_wandb": {"runtime": 8573}}