{"value_loss": 0.635129451751709, "_timestamp": 1663710878.163269, "_runtime": 148.53420996665955, "policy_loss": -0.001805169016568205, "dist_entropy": 1.190441370010376, "actor_grad_norm": 0.10298194736242294, "critic_grad_norm": 2.689981698989868, "ratio": 0.9999746680259705, "drop_mean": 2.4714651109150476, "drop_std": 8.130940758634178, "drop_min": 0.0, "drop_max": 100.0, "delay_mean": 0.0997031221623291, "delay_std": 0.1570140311967226, "delay_min": 0.0, "delay_max": 1.000000031458007, "pc_mean": 324.43096923828125, "pc_std": 102.20921325683594, "pc_min": 137.86068725585938, "pc_max": 1155.712646484375, "reward_mean": -1.3229873232565117, "reward_std": 3.2594418109672034, "reward_min": -40.31910354928838, "reward_max": -0.13786068725585937, "_step": 50400, "_wandb": {"runtime": 297}}