{"value_loss": 0.2615503340959549, "_timestamp": 1666561385.4778664, "_runtime": 607.6050653457642, "policy_loss": -0.0027269102003089074, "dist_entropy": 1.004742980003357, "actor_grad_norm": 0.09654965996742249, "critic_grad_norm": 0.5164214968681335, "ratio": 1.0001356601715088, "sm3_ratio_mean": 0.2962159863945578, "drop_ratio_mean": 0.0491173081099987, "drop_ratio_std": 0.1700010597705841, "drop_ratio_min": 0.0, "drop_ratio_max": 1.0, "ue_drop_ratio_mean": 0.06605500738442112, "ue_drop_ratio_std": 0.2080382877177721, "ue_drop_ratio_min": 0.0, "ue_drop_ratio_max": 0.9999997500000625, "delay_ratio_mean": 0.21868106722831726, "delay_ratio_std": 0.23693940043449402, "delay_ratio_min": 0.0, "delay_ratio_max": 1.0, "qos_reward_mean": -0.025925312937106842, "qos_reward_std": 0.11132343599723316, "qos_reward_min": -0.9999990000010001, "qos_reward_max": 0.004766661899011358, "pc_kw_mean": 0.29100415838937915, "pc_kw_std": 0.05521967679002208, "pc_kw_min": 0.1399490966796875, "pc_kw_max": 0.5817027587890625, "reward_mean": -0.31692947132648597, "reward_std": 0.12112252750919904, "reward_min": -1.2738009714365468, "reward_max": -0.1399490966796875, "_step": 100800, "_wandb": {"runtime": 607}}