{"value_loss": 0.178336101770401, "_timestamp": 1666753236.6281729, "_runtime": 797.0067389011383, "policy_loss": -0.0002906692756999618, "dist_entropy": 1.1296223640441894, "actor_grad_norm": 0.032075367867946625, "critic_grad_norm": 0.3829737901687622, "ratio": 0.9998792409896851, "sm3_ratio_mean": 0.3603054138321961, "drop_ratio_mean": 0.05452849343419075, "drop_ratio_std": 0.18031415343284607, "drop_ratio_min": 0.0, "drop_ratio_max": 1.0, "ue_drop_ratio_mean": 0.07049081641878252, "ue_drop_ratio_std": 0.21497733520742757, "ue_drop_ratio_min": 0.0, "ue_drop_ratio_max": 0.9999997500000625, "delay_ratio_mean": 0.2348625361919403, "delay_ratio_std": 0.23016363382339478, "delay_ratio_min": 0.0, "delay_ratio_max": 1.0, "qos_reward_mean": -0.029371500879071744, "qos_reward_std": 0.12263904558088676, "qos_reward_min": -0.99999950000025, "qos_reward_max": 0.004816661857207038, "pc_kw_mean": 0.42141326465303935, "pc_kw_std": 0.0861886365280578, "pc_kw_min": 0.18617015075683593, "pc_kw_max": 0.7256212768554687, "reward_mean": -0.4801562664111828, "reward_std": 0.2560490279372023, "reward_min": -2.554814626679026, "reward_max": -0.18617015075683593, "_step": 181440, "_wandb": {"runtime": 810}}