{"value_loss": 0.29392599910497663, "_timestamp": 1662451486.5838583, "_runtime": 805.4359862804413, "policy_loss": -0.0005883813315222142, "dist_entropy": 1.440106177330017, "actor_grad_norm": 0.10820307582616806, "critic_grad_norm": 4.701068878173828, "ratio": 1.000054121017456, "average_episode_rewards": -1230.9252262115479, "average_step_rewards": -1.0257710218429565, "_step": 151200, "_wandb": {"runtime": 1020}}