{"value_loss": 0.0112615916877985, "_timestamp": 1663634622.409617, "_runtime": 10185.290859937668, "policy_loss": -4.9271338297648036e-05, "dist_entropy": 0.6725647002458572, "actor_grad_norm": 0.0316239558160305, "critic_grad_norm": 0.1592625379562378, "ratio": 0.9999521374702454, "avg_pc": 336.32464599609375, "avg_drop": 0.022089313183512007, "avg_delay": 0.010892517089932446, "average_step_reward": -0.4018203616142273, "average_episode_reward": -482.18443393707275, "_step": 2016000, "_wandb": {"runtime": 10184}}