{"value_loss": 0.28314404785633085, "_timestamp": 1666770430.965886, "_runtime": 5694.067142009735, "policy_loss": -0.0010470972514823984, "dist_entropy": 1.080589234828949, "actor_grad_norm": 0.04618033766746521, "critic_grad_norm": 0.05711524933576584, "ratio": 1.0000215768814087, "sm3_ratio_mean": 0.4936185515873069, "drop_ratio_mean": 0.03978349268436432, "drop_ratio_std": 0.14974483847618103, "drop_ratio_min": 0.0, "drop_ratio_max": 1.0, "ue_drop_ratio_mean": 0.059162440767087675, "ue_drop_ratio_std": 0.19830105195203707, "ue_drop_ratio_min": 0.0, "ue_drop_ratio_max": 0.9999996666667778, "delay_ratio_mean": 0.24151962995529175, "delay_ratio_std": 0.23161232471466064, "delay_ratio_min": 0.0, "delay_ratio_max": 1.0, "qos_reward_mean": -0.020701510186980073, "qos_reward_std": 0.10201593839564747, "qos_reward_min": -0.99999950000025, "qos_reward_max": 0.004816661857207038, "pc_kw_mean": 0.3748270631252773, "pc_kw_std": 0.09582055786353813, "pc_kw_min": 0.18567015075683593, "pc_kw_max": 0.7096541748046875, "reward_mean": -0.4162300834992374, "reward_std": 0.22459202499268816, "reward_min": -2.5347738279699463, "reward_max": -0.18567015075683593, "_step": 1008000, "_wandb": {"runtime": 5693}}