{"value_loss": 0.2767685234546661, "_timestamp": 1666815552.6202629, "_runtime": 8435.64366889, "policy_loss": -0.0009514115616652052, "dist_entropy": 1.0867583274841308, "actor_grad_norm": 0.038170911371707916, "critic_grad_norm": 0.30861443281173706, "ratio": 0.9999685287475586, "sm3_ratio_mean": 0.5497593537415282, "drop_ratio_mean": 0.0183901134878397, "drop_ratio_std": 0.1106480285525322, "drop_ratio_min": 0.0, "drop_ratio_max": 1.0, "ue_drop_ratio_mean": 0.029230702329342752, "ue_drop_ratio_std": 0.15136448373531217, "ue_drop_ratio_min": 0.0, "ue_drop_ratio_max": 0.9999996666667778, "delay_ratio_mean": 0.1655130386352539, "delay_ratio_std": 0.21984079480171204, "delay_ratio_min": 0.0, "delay_ratio_max": 1.0, "qos_reward_mean": -0.01111433551761283, "qos_reward_std": 0.08545560835341928, "qos_reward_min": -0.9999990000010001, "qos_reward_max": 0.004849995153357609, "pc_kw_mean": 0.334356710722787, "pc_kw_std": 0.07570505064246087, "pc_kw_min": 0.18267015075683593, "pc_kw_max": 0.6663434448242188, "reward_mean": -0.3788140527932383, "reward_std": 0.3524592302672697, "reward_min": -4.503666635991751, "reward_max": -0.18267015075683593, "_step": 1512000, "_wandb": {"runtime": 8435}}