{"value_loss": 0.003157075416917602, "_timestamp": 1663629751.4063394, "_runtime": 10482.247657299042, "policy_loss": -0.00022112534765443095, "dist_entropy": 0.44130948185920715, "actor_grad_norm": 0.058711495250463486, "critic_grad_norm": 0.2768564522266388, "ratio": 1.0000107288360596, "avg_pc": 342.2021789550781, "avg_drop": 0.0, "avg_delay": 0.007997539704222057, "average_step_reward": -0.3627122640609741, "average_episode_reward": -435.25471687316895, "_step": 2016000, "_wandb": {"runtime": 10482}}