{"value_loss": 0.11056013703346253, "_timestamp": 1663252709.9003916, "_runtime": 752.3732135295868, "policy_loss": -0.00103548639169162, "dist_entropy": 1.315881073474884, "actor_grad_norm": 0.057362429797649384, "critic_grad_norm": 1.3960261344909668, "ratio": 0.9999930262565613, "average_step_reward": -0.5489834547042847, "average_episode_reward": -658.7801456451416, "_step": 201600, "_wandb": {"runtime": 930}}