{"value_loss": 0.14676734060049057, "_timestamp": 1666560768.8700962, "_runtime": 599.0285062789917, "policy_loss": -0.0021964797878382568, "dist_entropy": 0.9461757183074951, "actor_grad_norm": 0.13234663009643555, "critic_grad_norm": 0.28058674931526184, "ratio": 1.0004112720489502, "sm3_ratio_mean": 0.18030045351473922, "drop_ratio_mean": 0.01587614417076111, "drop_ratio_std": 0.09793120622634888, "drop_ratio_min": 0.0, "drop_ratio_max": 1.0, "ue_drop_ratio_mean": 0.022568326929367746, "ue_drop_ratio_std": 0.12456771408956116, "ue_drop_ratio_min": 0.0, "ue_drop_ratio_max": 0.99999950000025, "delay_ratio_mean": 0.1773092895746231, "delay_ratio_std": 0.18493737280368805, "delay_ratio_min": 0.0, "delay_ratio_max": 0.9933333396911621, "qos_reward_mean": -0.00626038020329444, "qos_reward_std": 0.060704942763411346, "qos_reward_min": -0.9999990000010001, "qos_reward_max": 0.004766661899011358, "pc_kw_mean": 0.3434731626177591, "pc_kw_std": 0.07522285135235304, "pc_kw_min": 0.18410469055175782, "pc_kw_max": 0.6538512573242188, "reward_mean": -0.3622543032276424, "reward_std": 0.19359992098256126, "reward_min": -3.262024667051597, "reward_max": -0.17135470339115194, "_step": 100800, "_wandb": {"runtime": 598}}