{"value_loss": 0.06925080120563507, "_timestamp": 1666758056.7401543, "_runtime": 2792.720831155777, "policy_loss": -0.0005341843690413129, "dist_entropy": 1.033713150024414, "actor_grad_norm": 0.03292375057935715, "critic_grad_norm": 0.1426679641008377, "ratio": 1.0000483989715576, "sm3_ratio_mean": 0.19676126700680513, "drop_ratio_mean": 0.008850649930536747, "drop_ratio_std": 0.07131026685237885, "drop_ratio_min": 0.0, "drop_ratio_max": 1.0, "ue_drop_ratio_mean": 0.012748952400904519, "ue_drop_ratio_std": 0.0916460579202794, "ue_drop_ratio_min": 0.0, "ue_drop_ratio_max": 0.99999950000025, "delay_ratio_mean": 0.17432262003421783, "delay_ratio_std": 0.17157232761383057, "delay_ratio_min": 0.0, "delay_ratio_max": 1.0, "qos_reward_mean": -0.002131832434853588, "qos_reward_std": 0.044469249907889766, "qos_reward_min": -0.9999990000010001, "qos_reward_max": 0.004799995204475144, "pc_kw_mean": 0.4438360521838779, "pc_kw_std": 0.07599886714065024, "pc_kw_min": 0.19067015075683594, "pc_kw_max": 0.7302088012695312, "reward_mean": -0.46089071166270656, "reward_std": 0.3629959367567893, "reward_min": -8.437216365242376, "reward_max": -0.19067015075683594, "_step": 685440}