{"value_loss": 0.1252488911151886, "_timestamp": 1666724076.7367637, "_runtime": 3920.470669746399, "policy_loss": -0.0008805935090393291, "dist_entropy": 0.9344306826591492, "actor_grad_norm": 0.05752614885568619, "critic_grad_norm": 0.13001564145088196, "ratio": 0.9998675584793091, "sm3_ratio_mean": 0.15725127551020937, "drop_ratio_mean": 0.0046155331656336784, "drop_ratio_std": 0.0546172671020031, "drop_ratio_min": 0.0, "drop_ratio_max": 1.0, "ue_drop_ratio_mean": 0.008395448807540444, "ue_drop_ratio_std": 0.08083896930832178, "ue_drop_ratio_min": 0.0, "ue_drop_ratio_max": 0.9999990000010001, "delay_ratio_mean": 0.15336020290851593, "delay_ratio_std": 0.1829899400472641, "delay_ratio_min": 0.0, "delay_ratio_max": 1.0, "qos_reward_mean": -0.0011115087328646858, "qos_reward_std": 0.04127016890278688, "qos_reward_min": -0.9999990000010001, "qos_reward_max": 0.004833328491312498, "pc_kw_mean": 0.4000390844829499, "pc_kw_std": 0.05653612393951505, "pc_kw_min": 0.23415362548828125, "pc_kw_max": 0.62435205078125, "reward_mean": -0.41115417181159675, "reward_std": 0.4167153064924236, "reward_min": -10.408440469980704, "reward_max": -0.2231862538577296, "_step": 806400, "_wandb": {"runtime": 3920}}