{"value_loss": 0.13675339967012407, "_timestamp": 1666743015.7415836, "_runtime": 611.2600135803223, "policy_loss": -0.0007959828184240791, "dist_entropy": 1.0582115650177002, "actor_grad_norm": 0.03856710344552994, "critic_grad_norm": 0.5713920593261719, "ratio": 0.9999725222587585, "sm3_ratio_mean": 0.22481717687074906, "drop_ratio_mean": 0.016394786536693573, "drop_ratio_std": 0.09464874863624573, "drop_ratio_min": 0.0, "drop_ratio_max": 1.0, "ue_drop_ratio_mean": 0.025958189987780624, "ue_drop_ratio_std": 0.13189777949951034, "ue_drop_ratio_min": 0.0, "ue_drop_ratio_max": 0.9999996666667778, "delay_ratio_mean": 0.20665685832500458, "delay_ratio_std": 0.19353634119033813, "delay_ratio_min": 0.0, "delay_ratio_max": 1.0, "qos_reward_mean": -0.006542809995472016, "qos_reward_std": 0.06161801189193466, "qos_reward_min": -0.9999990000010001, "qos_reward_max": 0.004783328551743252, "pc_kw_mean": 0.4666091794725449, "pc_kw_std": 0.08002129252517098, "pc_kw_min": 0.20841189575195312, "pc_kw_max": 0.7019862670898438, "reward_mean": -0.5189516594363209, "reward_std": 0.49788212095695816, "reward_min": -8.465797267341985, "reward_max": -0.20841189575195312, "_step": 141120}