{"value_loss": 0.083406013995409, "_timestamp": 1666743728.3067544, "_runtime": 1323.8251843452454, "policy_loss": -0.0019326332846247851, "dist_entropy": 1.0386908888816833, "actor_grad_norm": 0.11459771543741226, "critic_grad_norm": 0.056800734251737595, "ratio": 0.9999037981033325, "sm3_ratio_mean": 0.21014668367347109, "drop_ratio_mean": 0.010464557446539402, "drop_ratio_std": 0.07289804518222809, "drop_ratio_min": 0.0, "drop_ratio_max": 1.0, "ue_drop_ratio_mean": 0.016118115749122242, "ue_drop_ratio_std": 0.10019303083500947, "ue_drop_ratio_min": 0.0, "ue_drop_ratio_max": 0.9999996666667778, "delay_ratio_mean": 0.2016887664794922, "delay_ratio_std": 0.18149437010288239, "delay_ratio_min": 0.0, "delay_ratio_max": 1.0, "qos_reward_mean": -0.0024939869840069156, "qos_reward_std": 0.04060876989686191, "qos_reward_min": -0.9999990000010001, "qos_reward_max": 0.004783328551743252, "pc_kw_mean": 0.45666562407660105, "pc_kw_std": 0.07875086925193553, "pc_kw_min": 0.21091189575195313, "pc_kw_max": 0.686614013671875, "reward_mean": -0.47661751994865637, "reward_std": 0.3356251127560231, "reward_min": -8.490070552254094, "reward_max": -0.21091189575195313, "_step": 312480, "_wandb": {"runtime": 1344}}