{"value_loss": 0.08835976347327232, "_timestamp": 1666743227.7007859, "_runtime": 823.2192158699036, "policy_loss": -0.0013165511649365857, "dist_entropy": 1.083097505569458, "actor_grad_norm": 0.07285896688699722, "critic_grad_norm": 0.23342731595039368, "ratio": 1.000030279159546, "sm3_ratio_mean": 0.2787280328798167, "drop_ratio_mean": 0.015143522061407566, "drop_ratio_std": 0.09226011484861374, "drop_ratio_min": 0.0, "drop_ratio_max": 1.0, "ue_drop_ratio_mean": 0.02454064123866678, "ue_drop_ratio_std": 0.13249390234705363, "ue_drop_ratio_min": 0.0, "ue_drop_ratio_max": 0.99999950000025, "delay_ratio_mean": 0.18393580615520477, "delay_ratio_std": 0.20640099048614502, "delay_ratio_min": 0.0, "delay_ratio_max": 1.0, "qos_reward_mean": -0.007113446831569518, "qos_reward_std": 0.06430527644523724, "qos_reward_min": -0.9999990000010001, "qos_reward_max": 0.004783328551743252, "pc_kw_mean": 0.4131572274177793, "pc_kw_std": 0.07965151564313158, "pc_kw_min": 0.19267015075683594, "pc_kw_max": 0.6879613037109376, "reward_mean": -0.4700648020703355, "reward_std": 0.5193077931417421, "reward_min": -8.447821498299016, "reward_max": -0.19267015075683594, "_step": 191520}