{"value_loss": 0.10059650838375092, "_timestamp": 1666742142.7918234, "_runtime": 1251.444224357605, "policy_loss": -0.0007840724398680444, "dist_entropy": 1.0623417377471924, "actor_grad_norm": 0.04428795352578163, "critic_grad_norm": 0.12442035973072052, "ratio": 1.000023365020752, "sm3_ratio_mean": 0.23066539115646353, "drop_ratio_mean": 0.012694760225713253, "drop_ratio_std": 0.08009658753871918, "drop_ratio_min": 0.0, "drop_ratio_max": 1.0, "ue_drop_ratio_mean": 0.021627087429111957, "ue_drop_ratio_std": 0.12123370513900888, "ue_drop_ratio_min": 0.0, "ue_drop_ratio_max": 0.99999950000025, "delay_ratio_mean": 0.21430930495262146, "delay_ratio_std": 0.2021040916442871, "delay_ratio_min": 0.0, "delay_ratio_max": 1.0, "qos_reward_mean": -0.004124296792643138, "qos_reward_std": 0.04781827730787761, "qos_reward_min": -0.9999990000010001, "qos_reward_max": 0.004799995204475144, "pc_kw_mean": 0.4377872246802799, "pc_kw_std": 0.07618540276077623, "pc_kw_min": 0.21391189575195313, "pc_kw_max": 0.741260009765625, "reward_mean": -0.4707815990214251, "reward_std": 0.389868432814926, "reward_min": -8.428772578621281, "reward_max": -0.21391189575195313, "_step": 292320, "_wandb": {"runtime": 1287}}