{"value_loss": 0.41229463219642637, "_timestamp": 1666530814.0004833, "_runtime": 384.2325701713562, "policy_loss": -0.0012070585260872235, "dist_entropy": 1.1750406622886658, "actor_grad_norm": 0.0623299777507782, "critic_grad_norm": 3.9361469745635986, "ratio": 0.9999899864196777, "sm3_ratio_mean": 0.6496445578231617, "drop_ratio_mean": 0.26078230142593384, "drop_ratio_std": 0.34487178921699524, "drop_ratio_min": 0.0, "drop_ratio_max": 1.0, "ue_drop_ratio_mean": 0.40190958952478556, "ue_drop_ratio_std": 0.4655324372067805, "ue_drop_ratio_min": 0.0, "ue_drop_ratio_max": 0.9999998750000157, "delay_ratio_mean": 0.13905300199985504, "delay_ratio_std": 0.27801722288131714, "delay_ratio_min": 0.0, "delay_ratio_max": 1.0, "qos_reward_mean": -0.23340323560320816, "qos_reward_std": 0.3230306590395004, "qos_reward_min": -0.9999998333333611, "qos_reward_max": 0.004716661940815677, "pc_kw_mean": 0.1810257925678435, "pc_kw_std": 0.0499107303292404, "pc_kw_min": 0.09182646942138672, "pc_kw_max": 0.6723141479492187, "reward_mean": -0.41442902817105165, "reward_std": 0.3206922756690789, "reward_min": -1.3343798288584219, "reward_max": -0.0931461181640625, "_step": 75600, "_wandb": {"runtime": 440}}