{"value_loss": 0.01928822696208954, "_timestamp": 1665055318.4169405, "_runtime": 17573.87505054474, "policy_loss": -0.0003829967448758964, "dist_entropy": 0.8649399816989899, "actor_grad_norm": 0.025766735896468163, "critic_grad_norm": 0.012039301916956902, "ratio": 1.0000306367874146, "drop_ratio_mean": 0.0011475400722202518, "drop_ratio_std": 0.026376158318492465, "drop_ratio_min": 0.0, "drop_ratio_max": 0.9999990000010001, "ue_drop_ratio_mean": 0.0021283053048844927, "ue_drop_ratio_std": 0.03960962631149769, "ue_drop_ratio_min": 0.0, "ue_drop_ratio_max": 0.9999990000010001, "delay_ratio_mean": 0.12090280187122487, "delay_ratio_std": 0.13571173189850833, "delay_ratio_min": 0.0, "delay_ratio_max": 0.9999990000010001, "qos_reward_mean": 0.00385008683718741, "qos_reward_std": 0.020282017296176034, "qos_reward_min": -0.9999990000010001, "qos_reward_max": 0.00969999058611171, "pc_mean": 255.03648376464844, "pc_std": 52.32742691040039, "pc_min": 140.00831604003906, "pc_max": 816.888916015625, "reward_mean": -0.21653562277875485, "reward_std": 0.20713633565491626, "reward_min": -10.301718088388908, "reward_max": -0.05505838095831217, "_step": 4032000, "_wandb": {"runtime": 17573}}