{"value_loss": 0.7447062373161316, "_timestamp": 1663246496.1212354, "_runtime": 186.37847638130188, "policy_loss": -0.002173649378264031, "dist_entropy": 1.3614116787910462, "actor_grad_norm": 0.12415903806686401, "critic_grad_norm": 1.317859411239624, "ratio": 1.0000526905059814, "average_step_reward": -0.7409462928771973, "average_episode_reward": -889.1355514526367, "_step": 50400}