{"value_loss": 0.0303231805562973, "_timestamp": 1663247501.0095394, "_runtime": 1191.2667803764343, "policy_loss": -0.0006703655831813649, "dist_entropy": 1.2781728625297546, "actor_grad_norm": 0.026157673448324203, "critic_grad_norm": 0.41995707154273987, "ratio": 0.9999547004699707, "average_step_reward": -0.5288917422294617, "average_episode_reward": -634.670090675354, "_step": 302400, "_wandb": {"runtime": 1306}}