{"value_loss": 0.3314653754234314, "_timestamp": 1666655106.0094962, "_runtime": 2967.256769180298, "policy_loss": -0.001483292913816925, "dist_entropy": 0.9855395138263703, "actor_grad_norm": 0.04934275522828102, "critic_grad_norm": 0.16180118918418884, "ratio": 1.000044345855713, "sm3_ratio_mean": 0.2892814625850318, "drop_ratio_mean": 0.017192965373396873, "drop_ratio_std": 0.1013706624507904, "drop_ratio_min": 0.0, "drop_ratio_max": 1.0, "ue_drop_ratio_mean": 0.024377109569368605, "ue_drop_ratio_std": 0.1276085954565053, "ue_drop_ratio_min": 0.0, "ue_drop_ratio_max": 0.99999950000025, "delay_ratio_mean": 0.20982813835144043, "delay_ratio_std": 0.19008024036884308, "delay_ratio_min": 0.0, "delay_ratio_max": 1.0, "qos_reward_mean": -0.006828689357485092, "qos_reward_std": 0.06592949030546276, "qos_reward_min": -0.9999990000010001, "qos_reward_max": 0.004816661857207038, "pc_kw_mean": 0.4171450049778772, "pc_kw_std": 0.07402353081779842, "pc_kw_min": 0.19367015075683594, "pc_kw_max": 0.7508126220703125, "reward_mean": -0.43763107305033244, "reward_std": 0.21006228676236424, "reward_min": -3.471101919436594, "reward_max": -0.19367015075683594, "_step": 504000, "_wandb": {"runtime": 2967}}