{"value_loss": 0.04449541419744492, "_timestamp": 1662992385.1819649, "_runtime": 3189.5113577842712, "policy_loss": -0.0007249664224048047, "dist_entropy": 1.2539117693901063, "actor_grad_norm": 0.04973611608147621, "critic_grad_norm": 1.1901830434799194, "ratio": 1.000089406967163, "average_step_reward": -2.2386817932128906, "average_episode_reward": -2686.4181518554688, "_step": 504000, "_wandb": {"runtime": 3333}}