{"value_loss": 0.01960949432104826, "_timestamp": 1665098344.9125035, "_runtime": 6065.7571794986725, "policy_loss": -0.0004203230373509115, "dist_entropy": 0.9913991034030915, "actor_grad_norm": 0.03845854103565216, "critic_grad_norm": 0.07133129984140396, "ratio": 0.9997957944869995, "drop_ratio_mean": 0.002016168502592465, "drop_ratio_std": 0.036675416714777295, "drop_ratio_min": 0.0, "drop_ratio_max": 0.99999950000025, "ue_drop_ratio_mean": 0.0032258572250629244, "ue_drop_ratio_std": 0.05084067156154809, "ue_drop_ratio_min": 0.0, "ue_drop_ratio_max": 0.99999950000025, "delay_ratio_mean": 0.11427248830915124, "delay_ratio_std": 0.14581653223156335, "delay_ratio_min": 0.0, "delay_ratio_max": 0.9999990000010001, "qos_reward_mean": -0.000507000024380694, "qos_reward_std": 0.026521378720624416, "qos_reward_min": -0.9999990000010001, "qos_reward_max": 0.001939998117222342, "pc_mean": 260.2253723144531, "pc_std": 56.39542770385742, "pc_min": 134.32803344726562, "pc_max": 842.2612915039062, "reward_mean": -0.26529539530505764, "reward_std": 0.27083972887249785, "reward_min": -10.294487985849845, "reward_max": -0.12538817155299053, "_step": 1663200, "_wandb": {"runtime": 6072}}