{"value_loss": 0.04844304050008456, "_timestamp": 1663683657.8794205, "_runtime": 799.8269484043121, "policy_loss": -0.0013931576783717443, "dist_entropy": 1.1325905323028564, "actor_grad_norm": 0.06686952710151672, "critic_grad_norm": 1.714688777923584, "ratio": 0.999879777431488, "avg_pc": 275.3326110839844, "avg_drop": 0.0023460880631492255, "avg_delay": 0.04674603196757811, "average_step_reward": -0.41555631160736084, "average_episode_reward": -498.667573928833, "_step": 252000, "_wandb": {"runtime": 899}}