{"value_loss": 0.6332803070545197, "_timestamp": 1665166214.6230652, "_runtime": 99.7021701335907, "policy_loss": -0.0027777798949960354, "dist_entropy": 1.1905661940574646, "actor_grad_norm": 0.16725976765155792, "critic_grad_norm": 6.057276725769043, "ratio": 0.9999820590019226, "sm3_ratio_mean": 0.6937672902494578, "drop_ratio_mean": 0.22293946919360622, "drop_ratio_std": 0.3776435435756327, "drop_ratio_min": 0.0, "drop_ratio_max": 0.9999998333333611, "ue_drop_ratio_mean": 0.22621185409794534, "ue_drop_ratio_std": 0.38447903901268693, "ue_drop_ratio_min": 0.0, "ue_drop_ratio_max": 0.9999998333333611, "delay_ratio_mean": 0.1655795159749073, "delay_ratio_std": 0.24292187832492904, "delay_ratio_min": 0.0, "delay_ratio_max": 0.99999950000025, "qos_reward_mean": -0.16341100763970393, "qos_reward_std": 0.3143439207270917, "qos_reward_min": -0.9999998333333611, "qos_reward_max": 0.003933329463582158, "pc_mean": 262.1572570800781, "pc_std": 71.20004272460938, "pc_min": 128.33969116210938, "pc_max": 766.6651000976562, "reward_mean": -1.0792122935474517, "reward_std": 1.5589418119292946, "reward_min": -5.506083104253047, "reward_max": -0.1283396911621094, "_step": 25200}