{"value_loss": 0.13380891233682632, "_timestamp": 1665168908.6601284, "_runtime": 2793.7392332553864, "policy_loss": -0.00025264685892132375, "dist_entropy": 1.0376097440719605, "actor_grad_norm": 0.03129590302705765, "critic_grad_norm": 0.47149786353111267, "ratio": 0.9999821782112122, "sm3_ratio_mean": 0.10592063492063675, "drop_ratio_mean": 0.01679486120278823, "drop_ratio_std": 0.12341444148133464, "drop_ratio_min": 0.0, "drop_ratio_max": 0.99999950000025, "ue_drop_ratio_mean": 0.010260937792189966, "ue_drop_ratio_std": 0.08032482884406568, "ue_drop_ratio_min": 0.0, "ue_drop_ratio_max": 0.99999950000025, "delay_ratio_mean": 0.10306043445046208, "delay_ratio_std": 0.11276346471429914, "delay_ratio_min": 0.0, "delay_ratio_max": 0.9933323463588158, "qos_reward_mean": -0.005687584083496101, "qos_reward_std": 0.0706954722622873, "qos_reward_min": -0.99999950000025, "qos_reward_max": 0.003933329463582158, "pc_mean": 273.0986328125, "pc_std": 61.453941345214844, "pc_min": 135.72027587890625, "pc_max": 791.13818359375, "reward_mean": -0.3015365643900893, "reward_std": 0.3561287911298639, "reward_min": -5.351167912602657, "reward_max": -0.13572027587890625, "_step": 705600, "_wandb": {"runtime": 2800}}