{"value_loss": 0.08471081629395485, "_timestamp": 1665094043.9266798, "_runtime": 1764.7713558673859, "policy_loss": -0.0005245356299909077, "dist_entropy": 1.0875769257545471, "actor_grad_norm": 0.028951650485396385, "critic_grad_norm": 2.0622811317443848, "ratio": 1.0000079870224, "drop_ratio_mean": 0.008697871693096668, "drop_ratio_std": 0.08189137664465258, "drop_ratio_min": 0.0, "drop_ratio_max": 0.99999950000025, "ue_drop_ratio_mean": 0.012249989381579559, "ue_drop_ratio_std": 0.10298443601567399, "ue_drop_ratio_min": 0.0, "ue_drop_ratio_max": 0.99999950000025, "delay_ratio_mean": 0.09546433216640006, "delay_ratio_std": 0.16546661129460333, "delay_ratio_min": 0.0, "delay_ratio_max": 0.9999990000010001, "qos_reward_mean": -0.006252898520696064, "qos_reward_std": 0.06897128535825649, "qos_reward_min": -0.99999950000025, "qos_reward_max": 0.001939998117222342, "pc_mean": 264.3222351074219, "pc_std": 61.34494400024414, "pc_min": 108.62252044677734, "pc_max": 901.179443359375, "reward_mean": -0.32685118823050785, "reward_std": 0.6911629623771829, "reward_min": -10.514168902529342, "reward_max": -0.10862252044677735, "_step": 504000}