{"value_loss": 0.02110795695334673, "_timestamp": 1665097146.0215247, "_runtime": 4866.866200685501, "policy_loss": -0.00032421673265403683, "dist_entropy": 0.9741304755210877, "actor_grad_norm": 0.044197820127010345, "critic_grad_norm": 0.24112634360790253, "ratio": 1.0000627040863037, "drop_ratio_mean": 0.002468743910494347, "drop_ratio_std": 0.040065316988194315, "drop_ratio_min": 0.0, "drop_ratio_max": 0.9999990000010001, "ue_drop_ratio_mean": 0.0043107488055718944, "ue_drop_ratio_std": 0.05713751864988209, "ue_drop_ratio_min": 0.0, "ue_drop_ratio_max": 0.9999990000010001, "delay_ratio_mean": 0.13665067920415408, "delay_ratio_std": 0.1532369297771792, "delay_ratio_min": 0.0, "delay_ratio_max": 0.9999990000010001, "qos_reward_mean": -0.0006260127508120807, "qos_reward_std": 0.027765563576318507, "qos_reward_min": -0.9999990000010001, "qos_reward_max": 0.0019333313443709874, "pc_mean": 271.0218811035156, "pc_std": 62.53451156616211, "pc_min": 135.01145935058594, "pc_max": 854.7002563476562, "reward_mean": -0.27728200316539925, "reward_std": 0.2842978554803996, "reward_min": -10.299125589609611, "reward_max": -0.13501145935058595, "_step": 1360800}