{"value_loss": 0.012069892991955081, "_timestamp": 1663790560.7091637, "_runtime": 25572.915920734406, "policy_loss": -9.828289838568575e-05, "dist_entropy": 0.9037507275740305, "actor_grad_norm": 0.017054671421647072, "critic_grad_norm": 0.11274195462465286, "ratio": 1.0000261068344116, "drop_mean": 0.08026453896148196, "drop_std": 1.5774455207250586, "drop_min": 0.0, "drop_max": 66.0, "delay_mean": 0.07467431193708346, "delay_std": 0.08122520252462441, "delay_min": 0.0, "delay_max": 0.7355555643637974, "pc_mean": 385.7215576171875, "pc_std": 74.48680114746094, "pc_min": 199.25225830078125, "pc_max": 908.879638671875, "reward_mean": -0.4333212511181894, "reward_std": 0.7966278366133821, "reward_min": -33.46353797757626, "reward_max": -0.19925225830078125, "_step": 5040000, "_wandb": {"runtime": 25572}}