{"value_loss": 0.00926710357889533, "_timestamp": 1665061697.786053, "_runtime": 6368.173598051071, "policy_loss": -0.0002153453377809811, "dist_entropy": 0.8963516592979431, "actor_grad_norm": 0.018640194088220596, "critic_grad_norm": 0.05504124239087105, "ratio": 1.0000331401824951, "drop_ratio_mean": 0.0024634809805095187, "drop_ratio_std": 0.03950729721996604, "drop_ratio_min": 0.0, "drop_ratio_max": 0.9999990000010001, "ue_drop_ratio_mean": 0.0030512311679833596, "ue_drop_ratio_std": 0.0426429214816521, "ue_drop_ratio_min": 0.0, "ue_drop_ratio_max": 0.9999990000010001, "delay_ratio_mean": 0.16459638825966857, "delay_ratio_std": 0.13589130638582753, "delay_ratio_min": 0.0, "delay_ratio_max": 0.9999990000010001, "qos_reward_mean": 0.004783378434497881, "qos_reward_std": 0.0230253147306798, "qos_reward_min": -0.9999990000010001, "qos_reward_max": 0.00969999058611171, "pc_mean": 288.66717529296875, "pc_std": 58.892974853515625, "pc_min": 143.4866485595703, "pc_max": 819.1769409179688, "reward_mean": -0.2408333923140149, "reward_std": 0.23522876003393922, "reward_min": -10.283183084726797, "reward_max": -0.07458394820062822, "_step": 1612800}