{"value_loss": 0.006207567686215043, "_timestamp": 1662447146.4526353, "_runtime": 34141.298122406006, "policy_loss": -0.0004256959615872802, "dist_entropy": 1.0588980913162231, "actor_grad_norm": 0.06551732867956161, "critic_grad_norm": 0.14353764057159424, "ratio": 1.0000154972076416, "average_episode_rewards": -1412.2713088989258, "average_step_rewards": -1.1768927574157715, "_step": 5040000, "_wandb": {"runtime": 34141}}