{"value_loss": 0.04192639912168185, "_timestamp": 1663322560.680215, "_runtime": 3813.2286207675934, "policy_loss": -0.0005005237544899899, "dist_entropy": 1.1179877837498984, "actor_grad_norm": 0.027668796479701996, "critic_grad_norm": 0.163609579205513, "ratio": 1.0000110864639282, "average_step_reward": -0.46338918805122375, "average_episode_reward": -556.0670256614685, "_step": 1108800}