{"value_loss": 0.06200238068898519, "_timestamp": 1663324746.8059528, "_runtime": 5999.354358673096, "policy_loss": -0.0007053416652327134, "dist_entropy": 1.118174640337626, "actor_grad_norm": 0.028970718383789062, "critic_grad_norm": 0.08776875585317612, "ratio": 0.9999861121177673, "average_step_reward": -0.4466908872127533, "average_episode_reward": -536.029064655304, "_step": 1764000, "_wandb": {"runtime": 6001}}