{"value_loss": 0.023835645864407222, "_timestamp": 1663574764.3946216, "_runtime": 12899.835708618164, "policy_loss": -0.0011168553458309324, "dist_entropy": 0.9855457186698914, "actor_grad_norm": 0.03433338552713394, "critic_grad_norm": 0.04155246168375015, "ratio": 0.999981164932251, "average_step_reward": -0.19093267619609833, "average_episode_reward": -229.119211435318, "_step": 3024000, "_wandb": {"runtime": 12899}}