{"value_loss": 0.17688430845737457, "_timestamp": 1666776235.8659062, "_runtime": 5788.309947252274, "policy_loss": -0.0006289847181207619, "dist_entropy": 1.0267709374427796, "actor_grad_norm": 0.030358415096998215, "critic_grad_norm": 0.2848852276802063, "ratio": 0.9999855756759644, "sm3_ratio_mean": 0.6857107426304039, "drop_ratio_mean": 0.03548005595803261, "drop_ratio_std": 0.1468343734741211, "drop_ratio_min": 0.0, "drop_ratio_max": 1.0, "ue_drop_ratio_mean": 0.051658603603007565, "ue_drop_ratio_std": 0.1854920794229352, "ue_drop_ratio_min": 0.0, "ue_drop_ratio_max": 0.9999996666667778, "delay_ratio_mean": 0.2540544867515564, "delay_ratio_std": 0.22455555200576782, "delay_ratio_min": 0.0, "delay_ratio_max": 1.0, "qos_reward_mean": -0.018197388914294545, "qos_reward_std": 0.09736297005058919, "qos_reward_min": -0.9999990000010001, "qos_reward_max": 0.004799995204475144, "pc_kw_mean": 0.31835929443041483, "pc_kw_std": 0.06540542894373975, "pc_kw_min": 0.18367015075683593, "pc_kw_max": 0.6552793579101562, "reward_mean": -0.33655668334470934, "reward_std": 0.12235101083460477, "reward_min": -1.419170600342797, "reward_max": -0.18367015075683593, "_step": 1008000, "_wandb": {"runtime": 5788}}