{"value_loss": 0.05594198741018772, "_timestamp": 1665103007.0941205, "_runtime": 4535.496772527695, "policy_loss": -0.0004604347117258767, "dist_entropy": 1.0049149155616761, "actor_grad_norm": 0.022613979876041412, "critic_grad_norm": 0.238916277885437, "ratio": 0.9999693036079407, "drop_ratio_mean": 0.00739440656687643, "drop_ratio_std": 0.0813112539436123, "drop_ratio_min": 0.0, "drop_ratio_max": 0.99999950000025, "ue_drop_ratio_mean": 0.005869563010772001, "ue_drop_ratio_std": 0.06546080580074135, "ue_drop_ratio_min": 0.0, "ue_drop_ratio_max": 0.99999950000025, "delay_ratio_mean": 0.09908847435972976, "delay_ratio_std": 0.11961744415705947, "delay_ratio_min": 0.0, "delay_ratio_max": 0.9999990000010001, "qos_reward_mean": -0.0032114316351666543, "qos_reward_std": 0.0530976346791724, "qos_reward_min": -0.99999950000025, "qos_reward_max": 0.0019599980781488946, "pc_mean": 327.7397155761719, "pc_std": 65.39096069335938, "pc_min": 171.99642944335938, "pc_max": 840.194091796875, "reward_mean": -0.359854047750355, "reward_std": 0.5332573632468282, "reward_min": -10.415216318369376, "reward_max": -0.15824890179876666, "_step": 1310400}