{"value_loss": 0.06365107521414756, "_timestamp": 1665105106.196697, "_runtime": 6634.599349021912, "policy_loss": -0.0004229905040012749, "dist_entropy": 0.9430741369724274, "actor_grad_norm": 0.07141385227441788, "critic_grad_norm": 0.30373311042785645, "ratio": 0.999958336353302, "drop_ratio_mean": 0.013876874415339045, "drop_ratio_std": 0.1141636054611493, "drop_ratio_min": 0.0, "drop_ratio_max": 0.99999950000025, "ue_drop_ratio_mean": 0.009521346135823757, "ue_drop_ratio_std": 0.0825327035980596, "ue_drop_ratio_min": 0.0, "ue_drop_ratio_max": 0.99999950000025, "delay_ratio_mean": 0.10201583112417491, "delay_ratio_std": 0.1149485212589993, "delay_ratio_min": 0.0, "delay_ratio_max": 0.9999990000010001, "qos_reward_mean": -0.0069996196575841975, "qos_reward_std": 0.07481584106361786, "qos_reward_min": -0.9999990000010001, "qos_reward_max": 0.0019599980781488946, "pc_mean": 287.2324523925781, "pc_std": 49.883506774902344, "pc_min": 149.58126831054688, "pc_max": 782.0990600585938, "reward_mean": -0.35722867179544743, "reward_std": 0.7484099333716016, "reward_min": -10.431277048349845, "reward_max": -0.14958126831054688, "_step": 1864800, "_wandb": {"runtime": 6734}}