{"value_loss": 0.3726289361715317, "_timestamp": 1666732807.020794, "_runtime": 4480.796175956726, "policy_loss": -0.0010701839373441046, "dist_entropy": 0.9229373395442962, "actor_grad_norm": 0.05353791266679764, "critic_grad_norm": 0.07974765449762344, "ratio": 0.9999668002128601, "sm3_ratio_mean": 0.2544309807256241, "drop_ratio_mean": 0.008915949612855911, "drop_ratio_std": 0.07913397252559662, "drop_ratio_min": 0.0, "drop_ratio_max": 1.0, "ue_drop_ratio_mean": 0.012622344806611202, "ue_drop_ratio_std": 0.09814422850267246, "ue_drop_ratio_min": 0.0, "ue_drop_ratio_max": 0.99999950000025, "delay_ratio_mean": 0.15482449531555176, "delay_ratio_std": 0.1851484179496765, "delay_ratio_min": 0.0, "delay_ratio_max": 1.0, "qos_reward_mean": -0.003481484036551845, "qos_reward_std": 0.05450422381858948, "qos_reward_min": -0.9999990000010001, "qos_reward_max": 0.004833328491312498, "pc_kw_mean": 0.40729046109366035, "pc_kw_std": 0.0606747943424346, "pc_kw_min": 0.21491189575195313, "pc_kw_max": 0.6304837036132812, "reward_mean": -0.4212163972398678, "reward_std": 0.22571473323393293, "reward_min": -4.4557413918497035, "reward_max": -0.21491189575195313, "_step": 806400, "_wandb": {"runtime": 4480}}