{"value_loss": 0.0013895688927732408, "_timestamp": 1662728764.4719148, "_runtime": 16442.363865852356, "policy_loss": -0.000161633243447179, "dist_entropy": 0.715498948097229, "actor_grad_norm": 0.027242112904787064, "critic_grad_norm": 0.03982217609882355, "ratio": 1.0000578165054321, "average_step_reward": -0.9216976761817932, "average_episode_reward": -1106.0372114181519, "_step": 3024000, "_wandb": {"runtime": 16442}}