{"value_loss": 0.5266077518463135, "_timestamp": 1666742335.6847355, "_runtime": 48.408045530319214, "policy_loss": -0.004247380224228436, "dist_entropy": 1.1909108281135559, "actor_grad_norm": 0.11610819399356842, "critic_grad_norm": 1.4011691808700562, "ratio": 0.9999700784683228, "sm3_ratio_mean": 0.6986699263038385, "drop_ratio_mean": 0.41347986459732056, "drop_ratio_std": 0.38289204239845276, "drop_ratio_min": 0.0, "drop_ratio_max": 1.0, "ue_drop_ratio_mean": 0.5443191805494851, "ue_drop_ratio_std": 0.45371116835700376, "ue_drop_ratio_min": 0.0, "ue_drop_ratio_max": 0.9999998571428775, "delay_ratio_mean": 0.17436009645462036, "delay_ratio_std": 0.2972727417945862, "delay_ratio_min": 0.0, "delay_ratio_max": 1.0, "qos_reward_mean": -0.3559927345017441, "qos_reward_std": 0.35763547965812925, "qos_reward_min": -0.9999997500000625, "qos_reward_max": 0.004633328714409075, "pc_kw_mean": 0.2889954705435132, "pc_kw_std": 0.06531155634139088, "pc_kw_min": 0.18667015075683593, "pc_kw_max": 0.6480972900390625, "reward_mean": -3.136937346557466, "reward_std": 2.847640592218219, "reward_min": -8.489560939216984, "reward_max": -0.18667015075683593, "_step": 10080, "_wandb": {"runtime": 56}}