{"value_loss": 0.28441211581230164, "_timestamp": 1663233558.1563482, "_runtime": 523.972659111023, "policy_loss": -0.0005236037526444193, "dist_entropy": 1.3567126512527465, "actor_grad_norm": 0.030059635639190674, "critic_grad_norm": 1.8089618682861328, "ratio": 1.0000122785568237, "average_step_reward": -1.7912124395370483, "average_episode_reward": -2149.454927444458, "_step": 100800, "_wandb": {"runtime": 596}}